"id","tiempos"
1,0.29822670666836
2,0.169136463064174
3,0.0205802870491012
4,0.0337553854923767
5,0.118040623054831
6,0.0282868459736082
7,0.190297397180772
8,0.120835840105578
9,0.0295691214586523
10,0.440155207071907
11,0.148081657723082
12,0.0456701611930674
13,0.0118294658816674
14,0.218971533350704
15,0.0903920943556602
16,0.155090986658716
17,0.0148470630133726
18,0.0418717414140701
19,0.0680921721149315
20,0.176142529492164
21,0.103564295655495
22,0.00750133094631813
23,0.0236510508693755
24,0.148044310194911
25,0.0325749463147738
26,0.0616942643695934
27,0.0462809190238741
28,0.0752136056188573
29,0.0163947386582467
30,0.0197024043564769
31,0.04926304705441
32,0.280546191048518
33,0.0606032529083843
34,0.0553146601993252
35,0.025323268185251
36,0.0132379865019836
37,0.00406309063812913
38,0.0281309964219955
39,0.00364550700246601
40,0.274438594537328
41,0.00180592135489005
42,0.0522836385379461
43,0.159963787610371
44,0.266604849225398
45,0.241384860963364
46,0.0273231877522035
47,0.135040490626424
48,0.188799911933002
49,0.204298750062615
50,0.203140636894571
51,0.0258752770129253
52,0.079446401104576
53,0.00559080866250125
54,0.14927906711584
55,0.0798543255201358
56,0.0414141242138364
57,0.0973218784375364
58,0.125966663807198
59,0.105238411063743
60,0.0831189918945046
61,0.00612383063791998
62,0.141267028999215
63,0.253774350781833
64,0.0468847467564046
65,0.00334843986060642
66,0.476517773149138
67,0.0713098573911441
68,0.0898157745054175
69,0.239267130963562
70,0.0199795811521736
71,0.00650843931362033
72,0.122299282045772
73,0.127928159147537
74,0.0840832020730822
75,0.165115712880223
76,0.0118469210028401
77,0.192696539955468
78,0.0787163786551909
79,0.215501174282358
80,0.015562993493087
81,0.294424736500447
82,0.0028108757158572
83,0.0121735174378211
84,0.0689862348439759
85,0.220962526391007
86,0.520268987753996
87,0.241631929666539
88,0.238579723803215
89,0.0421873653222891
90,0.303230862710589
91,0.000447779936207966
92,0.149147505948979
93,0.228383611029579
94,0.0178841646676036
95,0.0582627058029175
96,0.0700095437259577
97,0.335108530788445
98,0.0597503539598124
99,0.504568044404342
100,0.131205706256847
101,0.0157486398066892
102,0.0129240519155972
103,0.0927295996172051
104,0.0600559479472312
105,0.0680412690709678
106,0.0395103482614187
107,0.224333516733948
108,0.0879337393047875
109,0.0238602788356895
110,0.218879153001139
111,0.0900755874266419
112,0.0294388381933624
113,0.00379017502887559
114,0.412834090581109
115,0.15135784768159
116,0.105632181106211
117,0.726161651440627
118,0.0220561969995237
119,0.0668660879803082
120,0.0998125894126307
121,0.0529604729010978
122,0.249079692589346
123,0.219070570193289
124,0.0637019180316129
125,0.100782978344615
126,0.0591332577168941
127,0.000276764473793182
128,0.0652902954863795
129,0.0411160072917911
130,0.186099686059575
131,0.158688319500687
132,0.000294206028973514
133,0.064720422364339
134,0.0618385515514423
135,0.165884628206981
136,0.125202689993356
137,0.000143816495693258
138,0.00432197999378497
139,0.132393848312662
140,0.0464723757891492
141,0.0935011672833844
142,0.10514919103842
143,0.290244238605179
144,0.0368743235753341
145,0.0222470254044641
146,0.00811725592410023
147,0.0220239083749567
148,0.093195354308162
149,0.122557503336778
150,0.0388323201624615
151,0.0798010749646304
152,0.0646880890458562
153,0.0319081587208943
154,0.170841265123489
155,0.064096472560927
156,0.132623228998837
157,0.0274601591835645
158,0.0253393058241768
159,0.0847462932964358
160,0.116841536096119
161,0.0171926297162744
162,0.0415608863854273
163,0.0124150502326136
164,0.0686180435760512
165,0.042801509230313
166,0.129929993688426
167,0.140701570455813
168,0.0663479686288396
169,0.0842444211714387
170,0.0311784562231465
171,0.0247027167881077
172,0.185348082664828
173,0.00210840243632049
174,0.0685382662302809
175,0.476922201574207
176,0.156038615167631
177,0.240971131916131
178,0.0185467623258856
179,0.00396668242121285
180,0.0395688104141124
181,0.368255611659321
182,0.131745158259593
183,0.0770860388836817
184,0.179200318803185
185,0.042659932281822
186,0.141060845410772
187,0.0966037370711978
188,0.0926362488549959
189,0.142833552865922
190,0.0403045220723884
191,0.0730532076679588
192,0.0562404849651185
193,0.0558443388224325
194,0.0458014289086515
195,0.113313878120591
196,0.725782981550465
197,0.165090731083482
198,0.0048522482846564
199,0.100638952102418
200,0.0554514596746726
201,0.142834729163763
202,0.0423167615970792
203,0.0562651905400509
204,0.108164167535821
205,0.0461467180231755
206,0.117967910552812
207,0.0995528116276059
208,0.059842128400704
209,0.057151710360565
210,0.0215522529218685
211,0.0251564667983489
212,0.0147298040630465
213,0.446664012433813
214,0.0197525003670969
215,0.0331643007441678
216,0.113047376618157
217,0.0616321573457257
218,0.119623353616325
219,0.0969099476048632
220,0.249443353734968
221,0.0152691812848433
222,0.0665021276575749
223,0.0652992612728758
224,0.0421237944709984
225,0.0352222596464509
226,0.0740227781367313
227,0.0613748095506294
228,0.0249562743797052
229,0.0684544664767475
230,0.369308598707817
231,0.042569313748655
232,0.0077185303854835
233,0.125385466705237
234,0.0121301338076591
235,0.0262098447896446
236,0.115540504226617
237,0.0521700533784249
238,0.245514139690917
239,0.20120895008035
240,0.0624487930485471
241,0.157891053190775
242,0.161117292265291
243,0.180998356060526
244,0.0619755569337444
245,0.030717949044298
246,0.0547824655236168
247,0.0101372776976363
248,0.0326192704960704
249,0.0291151181357261
250,0.00134820148179477
251,0.0621849888597022
252,0.109672001728525
253,0.149846234435875
254,0.0598159904845736
255,0.0606204112145034
256,0.104243435893114
257,0.454134907377397
258,0.0248104658570479
259,0.200224392102885
260,0.0322759705037317
261,0.0171223296783864
262,0.0961515967780634
263,0.0583408055403693
264,0.159853723061846
265,0.146245214233834
266,0.000663264146582647
267,0.0362699358032033
268,0.0322168994779614
269,0.0671290605375453
270,0.0304623254236173
271,0.11174087657804
272,0.101224416947745
273,0.0286804470338839
274,0.057937910354029
275,0.00428472320612105
276,0.0216553122736514
277,0.0590660959820856
278,0.0115040650337257
279,0.00646086066791957
280,0.0121872803111645
281,0.00181667232631269
282,0.080178425728165
283,0.116515705442809
284,0.184446773738159
285,0.0640164948115035
286,0.0244225754233247
287,0.0164381664415652
288,0.169166068284839
289,0.101560874823212
290,0.0229792422114318
291,0.16105775178747
292,0.205868296144418
293,0.00341887263048821
294,0.233548552633067
295,0.15112424912014
296,0.0829839003657493
297,0.0733308780605094
298,0.084311287168997
299,0.0293800899420272
300,0.0167395125820555
301,0.0130227429114959
302,0.0166539563368779
303,0.047264184167778
304,0.0848092661351069
305,0.0391866878437048
306,0.129461032246137
307,0.0167079055681825
308,0.121235803866496
309,0.0573974660682407
310,0.0256345541724427
311,0.0144878641763424
312,0.00976130412891507
313,0.152595291075871
314,0.0110640092548913
315,0.0100097510675069
316,0.0538009743798863
317,0.0966093055304362
318,0.0174256948415529
319,0.0101918871936785
320,0.2097641224435
321,0.0430311152118851
322,0.0121540091383348
323,0.0208293953063813
324,0.0977989200633775
325,0.0962414533279374
326,0.154611363216222
327,0.0728329912930639
328,0.0677718145480651
329,0.0450117260810326
330,0.0336271068504588
331,0.179136998266472
332,0.0735542654361235
333,0.0902647476847754
334,0.108606184998264
335,0.263096398292442
336,0.0794070573824113
337,0.250682473679215
338,0.0071810987751178
339,0.00891066884019001
340,0.186571808862905
341,0.0189599597995931
342,0.154042239111476
343,0.0390234021046622
344,0.0252189359796995
345,0.0943963965362863
346,0.08689411074822
347,0.169762672510149
348,0.0319529292597012
349,0.0652858975559213
350,0.0728023300247854
351,0.0185072751377117
352,0.0810353368990541
353,0.487399956184715
354,0.0474691740660505
355,0.0101170991904288
356,0.154203802339545
357,0.122918527569528
358,0.0284769099883058
359,0.0689326074274844
360,0.132180805056422
361,0.0622555638494139
362,0.00336033436046405
363,0.250808120270402
364,0.153961589044281
365,0.0349810363470831
366,0.076166773719065
367,0.00619565703990785
368,0.0135908660224893
369,0.0483336261418554
370,0.176487641909396
371,0.031080941119316
372,0.0592991846867583
373,0.0571555869061161
374,0.0253746893087571
375,0.00467727557671341
376,0.133921525179475
377,0.0120850947516208
378,0.00143835316835479
379,0.0414579568684778
380,0.023530033713376
381,0.0968476009770968
382,0.000691760622472427
383,0.2825285446762
384,0.00290534382770729
385,0.0263959829780188
386,0.0449394231514115
387,0.200612845304083
388,0.0244998987340792
389,0.0121439454801352
390,0.0442300818183205
391,0.00136204305189577
392,0.0355832594531504
393,0.052212639246136
394,0.0528578919951211
395,0.0240123147060248
396,0.283721870304134
397,0.0463438658890399
398,0.0466634678146379
399,0.0244233568029648
400,0.0583053949204358
401,0.154669234998408
402,0.040159286423163
403,0.02511221119626
404,0.0860343043738886
405,0.0587109619836238
406,0.0465771433135325
407,0.0730737762656819
408,0.102041372178875
409,0.0488112104463984
410,0.0873353222177527
411,0.125029102895315
412,0.0276051375337622
413,0.21322774733541
414,0.219853380006203
415,0.215483422918584
416,0.0214235620065169
417,0.0553873426026919
418,0.0447734176943248
419,0.0341042941012843
420,0.0607358790426092
421,0.0200136496659268
422,0.0234475493092429
423,0.0647623493618758
424,0.00973703953522173
425,0.0240236023665687
426,0.162906247268159
427,0.0925419159534043
428,0.0202815695665777
429,0.0785645646936254
430,0.00501475263048302
431,0.0834336656700221
432,0.317423204618292
433,0.057930472095243
434,0.169486590060811
435,0.0905635503853202
436,0.182631474149988
437,0.0133031573231247
438,0.0150446052140162
439,0.0601346751844341
440,0.0762897913560011
441,0.0300855590030551
442,0.0997738723710843
443,0.070938916365099
444,0.138543267811376
445,0.368282249516932
446,0.0278685610233383
447,0.0296248523744418
448,0.277731036582756
449,0.0298449726831541
450,0.124987763687536
451,0.0545988207344304
452,0.0578189182349227
453,0.0206283220005306
454,0.147324423552049
455,0.0143149185666143
456,0.0748443003197703
457,0.067361605180503
458,0.195034776928875
459,0.0338095655580136
460,0.00712946544147351
461,0.0373906998217783
462,0.329671400635343
463,0.0620315554975109
464,0.122012969102617
465,0.115601953934299
466,0.0632317022974936
467,0.241404723872573
468,0.0139037087351944
469,0.0108151111159135
470,0.236876875997324
471,0.0433193533681333
472,0.117236458353943
473,0.0254494346235031
474,0.00449547609009602
475,0.224665200007286
476,0.0581335252658887
477,0.0430773589760065
478,0.0114937728186223
479,0.161715529066723
480,0.167623589146356
481,0.143420062061797
482,0.17682016182943
483,0.119808309623031
484,0.0275026130574671
485,0.17854596859943
486,0.0032444198361852
487,0.136161230005349
488,0.0952686202589501
489,0.0936103082985781
490,0.0340552540147757
491,0.0368087100373073
492,0.0456591566855257
493,0.0163362995226751
494,0.119711191643613
495,0.0642695418436159
496,0.145859636528061
497,0.0302879786626859
498,0.0194460161622952
499,0.294007598661189
500,0.0708470902504541
501,0.0867957916411227
502,0.169001603459928
503,0.211292271758545
504,0.010558118450827
505,0.128580825734357
506,0.0516028341159902
507,0.22076673686036
508,0.192649430735146
509,0.306551279654182
510,0.0670766274152572
511,0.201767820340943
512,0.0906125373084177
513,0.326907777462363
514,0.242398641145422
515,0.00270549036084393
516,0.075373791842809
517,0.164988817131467
518,0.0169451924593044
519,0.00703506844795563
520,0.0988738343758757
521,0.131464252801008
522,0.0356781652361228
523,0.0355938734402033
524,0.01371825235813
525,0.0237949179400775
526,0.0747042680121021
527,0.12889506717888
528,0.0894716697105492
529,0.00982305097730746
530,0.0733525423722458
531,0.0320823042314838
532,0.126907470504642
533,0.0516319216483019
534,0.092378330243827
535,0.0045580431310968
536,0.116761107417238
537,0.0664840820630583
538,0.382405851690722
539,0.0246890398770511
540,0.0949796869127328
541,0.045862635216591
542,0.0706351845571681
543,0.0558474939316511
544,0.0403510921804065
545,0.0351080646823076
546,0.0315921756987616
547,0.119039115661492
548,0.0353372275659984
549,0.301571663792463
550,0.0371813706376336
551,0.202542951319086
552,0.228947055972748
553,0.0290175393562425
554,0.0506916203197431
555,0.00430298095484872
556,0.00782159665091471
557,0.0186900612898171
558,0.275938232498715
559,0.0299505416134542
560,0.059958182063631
561,0.00860217691991817
562,0.102196288883931
563,0.0174383785395184
564,0.0123347464888604
565,0.0914128213762144
566,0.00152076899328015
567,0.0421032355251637
568,0.104928944975646
569,0.0258368327367035
570,0.0666416578023385
571,0.0477913349697536
572,0.260706609790314
573,0.0067475467750972
574,0.00722100205613114
575,0.0165534921590423
576,0.106766202991227
577,0.149186717169341
578,0.0270831670631555
579,0.00404336782816317
580,0.0575313323854723
581,0.0393923281936797
582,0.217774472272589
583,0.125450442371966
584,0.0250373063609004
585,0.307913190923934
586,0.0227999395944855
587,0.0670284550227737
588,0.0213048494881753
589,0.0123481999405406
590,0.150270658452892
591,0.00833639291592489
592,0.0424288410947404
593,0.0447818443856456
594,0.00437057101472821
595,0.000961896497756243
596,0.0229323281567882
597,0.0588746324012225
598,0.0793282129678954
599,0.119446319430187
600,0.0376021094525249
601,0.0226431508463892
602,0.166942194096557
603,0.346734100256324
604,0.254739467450363
605,0.0466713282195005
606,0.0824583687602875
607,0.0751822514590632
608,0.194170635327267
609,0.0969228051056656
610,0.14071460343529
611,0.265735555086249
612,0.432168390578959
613,0.028967165896161
614,0.17030833609993
615,0.0490901469337669
616,0.214640716756667
617,0.034910229527897
618,0.0135196535052859
619,0.0705928199655129
620,0.119449375955464
621,0.0367008758243264
622,0.037427233828401
623,0.108447582965115
624,0.133408844294008
625,0.0510383462533355
626,0.0687361357894876
627,0.0993836370293604
628,0.118325849081101
629,0.189933841697929
630,0.0493952347473665
631,0.0930963510798086
632,0.284601536930736
633,0.113006926053195
634,0.0168447939001701
635,0.0893241657083309
636,0.0265669641508297
637,0.0467746679417112
638,0.119899728585618
639,0.0194702883335677
640,0.0591515301088565
641,0.162988922805084
642,0.00283845679416937
643,0.109410241186699
644,0.0487877836620266
645,0.0564842551777309
646,0.0705434524282196
647,0.177209548475203
648,0.0199020535854453
649,0.148145651827908
650,0.380674040813348
651,0.026471167718145
652,0.015638206704435
653,0.00955824498933825
654,0.030919022265483
655,0.014256157357367
656,0.012593669986183
657,0.0344808704897084
658,0.0214406998729373
659,0.0213734018188443
660,0.0041909649060338
661,0.000332516670746259
662,0.127495457305841
663,0.201967301513041
664,0.000583275813948024
665,0.0470292478037829
666,0.240502061154418
667,0.0859646459571577
668,0.0575918304225938
669,0.0828601931268259
670,0.0210750037804246
671,0.258861596596137
672,0.110651283869111
673,0.051058510445397
674,0.0347113282085255
675,0.288338737716354
676,0.000723137816583568
677,0.097477740519671
678,0.0417436906239892
679,0.0180742220418618
680,0.0199038988741284
681,0.0323423081162301
682,0.0820250673846285
683,0.124514559788028
684,0.0773870299263591
685,0.0166850709356368
686,0.103679986497463
687,0.0351377832273423
688,0.0873266335395913
689,0.220995320673073
690,0.107950004491184
691,0.34216245619464
692,0.05141276455569
693,0.029720088974996
694,0.00648328945548697
695,0.1992340265574
696,0.0223929647948932
697,0.0614384006370198
698,0.0856132244822394
699,0.0130132587517285
700,0.0438596639697525
701,0.0805720754058483
702,0.117125402878199
703,0.043480523226952
704,0.254500840859959
705,0.0233174807138064
706,0.57915823164275
707,0.112346303137434
708,0.069855603385623
709,0.088706382007568
710,0.106392763043237
711,0.0432582834142853
712,0.0195256198587065
713,0.0394347866319797
714,0.172303303729894
715,0.123516321093766
716,0.0991435561460268
717,0.0431651910343631
718,0.0482405992133431
719,0.205888316531808
720,0.0152865581807088
721,0.0151436668163013
722,0.0295646745626899
723,0.124307710927563
724,0.0496439344926991
725,0.035519581372765
726,0.0214772128330713
727,0.0724799622978369
728,0.133514117949878
729,0.0241898422298784
730,0.0646388326648702
731,0.0565074813044207
732,0.0131939373995093
733,0.0812692277553226
734,0.0491745271719992
735,0.0198003317877478
736,0.0723386715043415
737,0.183062341733902
738,0.0759383871509825
739,0.00324403452263637
740,0.0832842623099425
741,0.00875597335003775
742,0.234006817864481
743,0.0342013792304153
744,0.0368621125817299
745,0.216043695916114
746,0.117971821091637
747,0.0317549774084579
748,0.0618074090135368
749,0.183973056171918
750,0.0649635299050294
751,0.293534437348522
752,0.0700286351614118
753,0.184760189861549
754,0.140273201695033
755,0.0100012090988457
756,0.134068201410334
757,0.0360090043737521
758,0.277058662323414
759,0.026640780439431
760,0.158974601964194
761,0.278660153108189
762,0.0350461762652478
763,0.226644638745002
764,0.00876210016113791
765,0.00940122133628889
766,0.106109074228434
767,0.126152246474532
768,0.0396544629751183
769,0.0387370704365478
770,0.0756378445566795
771,0.118674426081751
772,0.0951860362577178
773,0.114034998311483
774,0.0199334633705968
775,0.136798191486537
776,0.128755297323415
777,0.0873600761791262
778,0.0531113909731348
779,0.0451050683094019
780,0.0243826687589965
781,0.199021812479006
782,0.0209300548515537
783,0.0668861528989684
784,0.216481007454805
785,0.0278550981205295
786,0.0692941013793881
787,0.0685492687969204
788,0.0141702314246107
789,0.013939727266765
790,0.126703181610288
791,0.0188151068392802
792,0.0865491012242447
793,0.0593963050791486
794,0.0723658993124702
795,0.0438080369091809
796,0.183357296503893
797,0.0833833055871194
798,0.0196036320095035
799,0.122343321496358
800,0.00135445315390825
801,0.0194208671945556
802,0.0178919048895213
803,0.169691709624585
804,0.257804002936216
805,0.00637183997137934
806,0.0435491163198921
807,0.0100082794458351
808,0.0210606701503229
809,0.111307237124146
810,0.102462233294385
811,0.0401678877374665
812,0.163627547906478
813,0.0109826478717207
814,0.11676780989181
815,0.148981426350377
816,0.072707236571313
817,0.0588238924233751
818,0.0272893357658503
819,0.310335862041598
820,0.336699518718898
821,0.133479045647017
822,0.0593835517171432
823,0.0171255661513318
824,0.0108231254172026
825,0.0661199361217033
826,0.0448434043844992
827,0.0565747417594222
828,0.043570486236025
829,0.335220118387028
830,0.0351932207122445
831,0.193883381695456
832,0.0369008468379351
833,0.0931793220980341
834,0.00579437936038092
835,0.0338203523900699
836,0.092506218443785
837,0.243430322363353
838,0.0527444343844598
839,0.0246010753749446
840,0.00862720240415497
841,0.00447660338771613
842,0.077776408220903
843,0.0911909238481804
844,0.0548771558618707
845,0.0242877139879221
846,0.186908995217033
847,0.137782240278831
848,0.00833634287118912
849,0.0122378533282741
850,0.323768709682476
851,0.0353825058635055
852,0.167365874748828
853,0.00116786415773359
854,0.0123522562313486
855,0.214814158822383
856,0.0110488177531145
857,0.00408989923413504
858,0.113262618549413
859,0.0656594652140572
860,0.0280504308097549
861,0.139600223092006
862,0.125037349756713
863,0.0540309533984824
864,0.0796225398571394
865,0.193938143709224
866,0.100841286249704
867,0.236007622177685
868,0.0396802411838011
869,0.0133087542754683
870,0.0276496761309152
871,0.132045105938697
872,0.174652733409082
873,0.554935415000199
874,0.0102121497514653
875,0.00111448819833723
876,0.120444299818685
877,0.0602690424685451
878,0.0533018973655999
879,0.0660999308894721
880,0.0111478800377385
881,0.266972509789472
882,0.136123701796674
883,0.231959256755415
884,0.0157698132944378
885,0.133223091270822
886,0.0122213599018075
887,0.012504053090445
888,0.0998128951746187
889,0.262328137112861
890,0.189245324782849
891,0.0251928131858056
892,0.102471728551362
893,0.0154508772644807
894,0.0940889521379103
895,0.204367021764601
896,0.0216489085814898
897,0.0392747879493785
898,0.269374399684672
899,0.0392400914887813
900,0.0273161118172786
901,0.0761754925917235
902,0.0294433436779813
903,0.167384343383477
904,0.0523845751939172
905,0.187456397670726
906,0.0178180253373965
907,0.036176770332862
908,0.161422104821099
909,0.00626086003401063
910,0.187750629395736
911,0.0602741188115694
912,0.0429446685805239
913,0.0558058025569401
914,0.101417475642124
915,0.0257317155853591
916,0.045329051092267
917,0.0644493344024068
918,0.118076957589091
919,0.0488927494734526
920,0.120106661519111
921,0.0635598997801282
922,0.0242974771271375
923,0.019311101345176
924,0.0424121909944171
925,0.0995299939705307
926,0.146790243200545
927,0.0493605982258239
928,0.143995966754666
929,0.0313492248004133
930,0.0663939082855134
931,0.107140955680718
932,0.208057565224817
933,0.0028419608080929
934,0.174210331818409
935,0.170324005009588
936,0.0132331118493979
937,0.0449143719266761
938,0.00245231562210618
939,0.0926388922871254
940,0.268699899300558
941,0.0981156927579923
942,0.00362079218029976
943,0.228854672633169
944,0.0845213933389382
945,0.0383651189675385
946,0.0456653737293726
947,0.0736539619513273
948,0.109599821181027
949,0.0547040323726833
950,0.115590818899844
951,0.0707534503322851
952,0.0400263157419183
953,0.24154645897657
954,0.023772907612676
955,0.13231825522992
956,0.0172486378049309
957,0.0330203335559184
958,0.0138673831031404
959,0.0727141474908001
960,0.243759367434196
961,0.000795547808097167
962,0.0567637569355694
963,0.0783837360517048
964,0.0907668122051086
965,0.148500807742638
966,0.0302377138197981
967,0.270059509605614
968,0.0553780363965249
969,0.124032015654419
970,0.0942594015592144
971,0.129567967550811
972,0.0282806505309803
973,0.130837917965411
974,0.169206948265923
975,0.0776740250032807
976,0.101610568094228
977,0.00529568732128774
978,0.0454975841990249
979,0.187728216525318
980,0.0469939879734408
981,0.000374737407334826
982,0.0286064136096022
983,0.320254964396228
984,0.025186785710588
985,0.0555815004997633
986,0.0513432327742604
987,0.0531443337534574
988,0.0531987097876316
989,0.0115816766671423
990,0.147502713913757
991,0.296611024889162
992,0.0430675656111403
993,0.00204775773619968
994,0.196817825470364
995,0.00504369694968655
996,0.0406464815817096
997,0.0244817875579677
998,0.0677931417926886
999,0.032605399927971
1000,0.0444875786673616
1001,0.0748552018738346
1002,0.0669984381395513
1003,0.0359023662961342
1004,0.0355645981193943
1005,0.272619608417697
1006,0.036797197281637
1007,0.104299823665051
1008,0.170383894131077
1009,0.0987456854902625
1010,0.13369835914358
1011,0.384995592913679
1012,0.0450261915949258
1013,0.105919449586328
1014,0.0273268665610389
1015,0.136886515101629
1016,0.023359638215466
1017,0.0410846643739512
1018,0.0457675211046907
1019,0.000295570008840689
1020,0.117658409534463
1021,0.0743832595352283
1022,0.0597952647049996
1023,0.0810827147177415
1024,0.0440844813532727
1025,0.102051040407854
1026,0.055350140075792
1027,0.0746074300872925
1028,0.0619337679394944
1029,0.0193459792347454
1030,0.03079204574566
1031,0.0768004488990854
1032,0.00210716579617424
1033,0.0168847808151007
1034,0.0330435621806166
1035,0.00952625177292661
1036,0.106907693580715
1037,0.0528185867959202
1038,0.0329883323389698
1039,0.0467938232997602
1040,0.132468299593928
1041,0.152079803014833
1042,0.00340504587847472
1043,0.0887399015232661
1044,0.000403917609338768
1045,0.14118820004756
1046,0.0704842417208726
1047,0.348154781028498
1048,0.132853162382627
1049,0.0230971747924658
1050,0.0687707236675794
1051,0.00101432064548135
1052,0.100244651382945
1053,0.0696911299966631
1054,0.0846390498933207
1055,0.208150697802411
1056,0.199696080542008
1057,0.157947305751608
1058,0.06044959357347
1059,0.0433033495011183
1060,0.00662966692289159
1061,0.0347613983110271
1062,0.0104196466166865
1063,0.073891678228542
1064,0.14094105446794
1065,0.141981474031591
1066,0.0695725477855054
1067,0.0470265406183898
1068,0.0873252120338798
1069,0.0154236746905006
1070,0.0453591861084781
1071,0.0282553237524222
1072,0.0664386662599252
1073,0.0373120288025926
1074,0.0374710867803724
1075,0.155811282883126
1076,0.219647893332002
1077,0.0337249624373561
1078,0.107580409720108
1079,0.0392131806689907
1080,0.0260488900186663
1081,0.0601135135035623
1082,0.0979387324095867
1083,0.059456807222556
1084,0.235158674409886
1085,0.199067713342665
1086,0.104605110189022
1087,0.0921036764433178
1088,0.0260181392289021
1089,0.048504761504856
1090,0.00863929888741537
1091,0.171964008522795
1092,0.0048283876597204
1093,0.0250815947156759
1094,0.00895902316743384
1095,0.00228717425324744
1096,0.113935906436201
1097,0.0148904371413995
1098,0.0598933927460828
1099,0.104452798816536
1100,0.0693942231403493
1101,0.328238922418845
1102,0.204258671234439
1103,0.0422115508382293
1104,0.0469621598974548
1105,0.143710038871063
1106,0.22713708656287
1107,0.231427062122039
1108,0.145894759750314
1109,0.0336409363603272
1110,0.0113922517154027
1111,0.15060012199585
1112,0.152988988221549
1113,0.374040269527793
1114,0.0510535212656991
1115,0.040530741807412
1116,0.118272133760399
1117,0.157424674615754
1118,0.0615638133815744
1119,0.042432255952273
1120,0.0411467705006627
1121,0.0490640928884122
1122,0.0811795836953694
1123,0.131083789866569
1124,0.0211978881111877
1125,0.239226693614698
1126,0.0391022076293088
1127,0.0185810847998699
1128,0.19585369671831
1129,0.146891310126079
1130,0.246646684159667
1131,0.0496752096594057
1132,0.0960826330187386
1133,0.0475706900893287
1134,0.0349971296752996
1135,0.00512835908342492
1136,0.0852243452379389
1137,0.366805643332146
1138,0.169177875253777
1139,0.251998590971316
1140,0.171305608385038
1141,0.000421201767907901
1142,0.00673606631938707
1143,0.0660584658643814
1144,0.342578731288834
1145,0.141914334172488
1146,0.110317926511413
1147,0.00645104986192151
1148,0.0254729090835552
1149,0.237423668011403
1150,0.0183523580093275
1151,0.0738702736418096
1152,0.0770847990077516
1153,0.0666974537375039
1154,0.021992526398125
1155,0.200381915835552
1156,0.0303809636895817
1157,0.0152441353367811
1158,0.202595869406438
1159,0.266166628746449
1160,0.0777296889535146
1161,0.0177204604260623
1162,0.175926845513097
1163,0.0437789503061636
1164,0.317622781288765
1165,0.0241229426823103
1166,0.129156451495346
1167,0.316401468570807
1168,0.00181591167876666
1169,0.0629536333832551
1170,0.0583020790310746
1171,0.0318446640687233
1172,0.0811553193556732
1173,0.275355188872278
1174,0.0977130497513587
1175,0.0384436779783695
1176,0.00162866665050387
1177,0.0218812566335228
1178,0.0140973877331073
1179,0.300989255971154
1180,0.114736554740369
1181,0.102523005987
1182,0.11034767459751
1183,0.00372552980693287
1184,0.10044108322355
1185,0.0150418374897736
1186,0.0708278695252549
1187,0.0435810248648444
1188,0.0305133207955144
1189,0.0949946529099646
1190,0.140227482731182
1191,0.312879354423722
1192,0.0104374354705215
1193,0.0328891520213504
1194,0.0097249362363734
1195,0.0777821751848036
1196,0.0107900291001993
1197,0.524344933777053
1198,0.111085486171165
1199,0.00305427703415021
1200,0.0375821886513973
1201,0.0489455453882163
1202,0.00656200373883952
1203,0.188701709894107
1204,0.138369980514539
1205,0.132687592193974
1206,0.0916352415080515
1207,0.006422309755263
1208,0.00087382293052294
1209,0.171404456712118
1210,0.0831148573343536
1211,0.0314265497320469
1212,0.15283831885506
1213,0.00357113613776435
1214,0.0588698867623779
1215,0.126157661426432
1216,0.0384380315990823
1217,0.253147275595128
1218,0.0663646067526471
1219,0.075349191319946
1220,0.232547220677872
1221,0.0339142985387959
1222,0.0478536285544661
1223,0.186406676565194
1224,0.00104643683880568
1225,0.104333491314786
1226,0.169960866060184
1227,0.34730777193322
1228,0.0193277052740701
1229,0.42502594703041
1230,0.054192639632566
1231,0.106250007463695
1232,0.106263118538234
1233,0.155931594519942
1234,0.000527161088856784
1235,0.156498093119532
1236,0.212911931447742
1237,0.0885849258062254
1238,0.0137319092294721
1239,0.0380307528274981
1240,0.174639394837837
1241,0.0951075597882011
1242,0.0411164932037619
1243,0.040260275465637
1244,0.0261780329217965
1245,0.0420744069851935
1246,0.00304154865443707
1247,0.121314937753001
1248,0.100489308884443
1249,0.0890370296614831
1250,0.101388020098454
1251,0.176201093764958
1252,0.00722828761420467
1253,0.00507495346738195
1254,0.131758360861867
1255,0.111227374350728
1256,0.233533058134727
1257,0.0456999337554655
1258,0.0572646542393317
1259,0.406347995462755
1260,0.151922530402327
1261,0.00187758571929255
1262,0.166129697614585
1263,0.0379363227296959
1264,0.136995885852198
1265,0.0702899294782509
1266,0.0149274401772708
1267,0.012631708544425
1268,0.128568542436255
1269,0.296494542182472
1270,0.0762105932929039
1271,0.0379246036437425
1272,0.0302471625618637
1273,0.12058054723141
1274,0.0123583022081716
1275,0.0227121032181789
1276,0.00160070297054269
1277,0.0156893054108051
1278,0.016277853441848
1279,0.0247010405475586
1280,0.0211483487351374
1281,0.0561791120546339
1282,0.120946269586753
1283,0.00801250084557317
1284,0.0435964316976341
1285,0.0393163318830458
1286,0.0797553192785935
1287,0.220488396377106
1288,0.0986902156637214
1289,0.0312723161870383
1290,0.0152780141850764
1291,0.0363466461104426
1292,0.103988450694058
1293,0.134894575069386
1294,0.148575694396689
1295,0.034748902221455
1296,0.0579174221069975
1297,0.0763115307108663
1298,0.0823550688233983
1299,0.268761920647462
1300,0.0154249263995736
1301,0.00479370474138043
1302,0.0798516128682017
1303,0.047881852496754
1304,0.0940617966342796
1305,0.114403013738618
1306,0.032125785946846
1307,0.0477109808813442
1308,0.092085518728897
1309,0.0101604562178206
1310,0.0266318388819977
1311,0.18516042455267
1312,0.223561534860434
1313,0.109981193796045
1314,0.056486352770166
1315,0.000790252253758205
1316,0.191784906951599
1317,0.0910924125255249
1318,0.0827991154812756
1319,0.0142522687053196
1320,0.036362596018927
1321,0.0246821231716736
1322,0.0631984517133158
1323,0.232323227404144
1324,0.104081891134626
1325,0.00903338304322257
1326,0.0863003773915237
1327,0.102399144656524
1328,0.166795250867391
1329,0.101143563331773
1330,0.197489109317269
1331,0.157193945374491
1332,0.10792499898805
1333,0.149115504893969
1334,0.212777744459215
1335,0.0499113304278766
1336,0.165790193452566
1337,0.0582592990249395
1338,0.054647811900147
1339,0.0231433906461793
1340,0.00411556297066537
1341,0.210862296029306
1342,0.196406901820166
1343,0.0890031912410541
1344,0.0837906962222414
1345,0.0680094706236556
1346,0.101509869856836
1347,0.00775755635805019
1348,0.175953938025455
1349,0.0628723196092654
1350,0.221448430988638
1351,0.0993759254826858
1352,0.168649473812582
1353,0.11911293516739
1354,0.111494172953314
1355,0.196249221248301
1356,0.40667941791508
1357,0.375971203989473
1358,0.0162678249213262
1359,0.0153576448475095
1360,0.00792283634272918
1361,0.0672846595633854
1362,0.0020213943736797
1363,0.0323091364804317
1364,0.113155562568665
1365,0.020416257860647
1366,0.0511325480077754
1367,0.0426777341318401
1368,0.0571156762625006
1369,0.0276474822312593
1370,0.0405522420663725
1371,0.000542054968801412
1372,0.0984705212403168
1373,0.39467319830729
1374,0.0539073460650715
1375,0.0157919700880352
1376,0.00575614262357154
1377,0.00890444453797985
1378,0.199395347900793
1379,0.0460672213441946
1380,0.0469950588674031
1381,0.0556013938039541
1382,0.113189908502699
1383,0.0582768549634652
1384,0.109911008355091
1385,0.0471237218007445
1386,0.107383515681978
1387,0.146713210275353
1388,0.135013857990479
1389,0.0563727031377229
1390,0.00131333187561144
1391,0.339425119171864
1392,0.0221924031668473
1393,0.210644522331713
1394,0.136787795030748
1395,0.0315943137234585
1396,0.0198181773197245
1397,0.12490499273238
1398,0.166682447383839
1399,0.34632221048651
1400,0.0243521019477736
1401,0.0811178141489365
1402,0.0619863236576996
1403,0.0162320545535873
1404,0.235755677408173
1405,0.0163288230753758
1406,0.0177824764343148
1407,0.280089862816193
1408,0.0023782827722078
1409,0.0267500065859746
1410,0.0991277012258508
1411,0.0404416784136133
1412,0.0965768680640511
1413,0.0106349614981663
1414,0.0334351765076545
1415,0.132698571132478
1416,0.0147354852593306
1417,0.0467219544913281
1418,0.0647185731810342
1419,0.568602550808635
1420,0.0103182438760996
1421,0.0744121505170258
1422,0.00370019305624641
1423,0.162838303053056
1424,0.268515753459826
1425,0.211577074099858
1426,0.0512109512717209
1427,0.0880888361784285
1428,0.0879796681765501
1429,0.0652587274498747
1430,0.221213881084245
1431,0.0448691561835391
1432,0.0972781103404826
1433,0.0939915316479868
1434,0.0476450280879032
1435,0.0891071651939381
1436,0.0589480376802385
1437,0.202935020873547
1438,0.073034302793543
1439,0.357343706706578
1440,0.0162005842472578
1441,0.0677399480338541
1442,0.0627527088350193
1443,0.0670918628365896
1444,0.00236673297529871
1445,0.172631231721642
1446,0.0353429216298867
1447,0.0603642705404623
1448,0.396134562428817
1449,0.0800022109458132
1450,0.0485145922496238
1451,0.0272692736576904
1452,0.0955494599039999
1453,0.130221846590478
1454,0.0170206579549069
1455,0.0330520237118683
1456,0.0127304108305411
1457,0.0550030661238865
1458,0.00702886440533309
1459,0.041485908314247
1460,0.15777735783886
1461,0.0261477325111628
1462,0.188405734902568
1463,0.0101035981947048
1464,0.0858581919855022
1465,0.137685835353843
1466,0.0456388409842144
1467,0.330964744792101
1468,0.0347544630955559
1469,0.00478581444952976
1470,0.0611885591325435
1471,0.0879227660388849
1472,0.00352036694742062
1473,0.0683833949060343
1474,0.054382123561068
1475,0.0910120293967843
1476,0.0256839150732214
1477,0.01404045462947
1478,0.175501302690323
1479,0.0291074810718948
1480,0.0190801843577488
1481,0.107593738808796
1482,0.270857970807665
1483,0.0520475019954822
1484,0.0455086198635399
1485,0.0861256235156287
1486,0.146763761266201
1487,0.167393909590301
1488,0.0316654335435678
1489,0.0150103161365471
1490,0.198451812283544
1491,0.0110337094034931
1492,0.0265216465966004
1493,0.0782180502988483
1494,0.010974779936739
1495,0.0611037668687376
1496,0.0264849345284429
1497,0.109338524070221
1498,0.0241859828291292
1499,0.169471406285548
1500,0.148636083417524
1501,0.0224148276769979
1502,0.0350826235318726
1503,0.00815020107918165
1504,0.0104332708922977
1505,0.0396013526786351
1506,0.116590129038395
1507,0.0764414915268812
1508,0.14674114252218
1509,0.270302540184047
1510,0.185509691345911
1511,0.0364626983857968
1512,0.0673394741961227
1513,0.007969063251641
1514,0.164193114258161
1515,0.0910369448318158
1516,0.0459849365408769
1517,0.050041410183026
1518,0.0749976917724458
1519,0.0447274027392268
1520,0.0632367080071625
1521,0.0688735049349081
1522,0.0360739822499454
1523,0.0153655218891799
1524,0.102381937963964
1525,0.0189639380286363
1526,0.0571806051091037
1527,0.0903138265144836
1528,0.0583795653656125
1529,0.274249575034647
1530,0.219911512822648
1531,0.0265949130566283
1532,0.00318990423687814
1533,0.0837838363541538
1534,0.00944972362596579
1535,0.0201487110673704
1536,0.0736010470812711
1537,0.195633893482445
1538,0.140103080143166
1539,0.0147950042208487
1540,0.0645306256815531
1541,0.0209741421382536
1542,0.101079236814072
1543,0.0456845983439548
1544,0.0451144659891725
1545,0.220225549458154
1546,0.0481713543307375
1547,0.110845927653233
1548,0.0905339265712023
1549,0.332668467188057
1550,0.0233663211745972
1551,0.00909788241948594
1552,0.0645726304463105
1553,0.115883270190088
1554,0.143054426788121
1555,0.0172602444548498
1556,0.175892056550982
1557,0.151222892775267
1558,0.14419640819102
1559,0.0707991892122008
1560,0.122589428481976
1561,0.0718935784760941
1562,0.130568543610738
1563,0.1923476537067
1564,0.0455766285747289
1565,0.0615936042740941
1566,0.0532089371488176
1567,0.124545926868509
1568,0.0981444235514251
1569,0.0469484797424891
1570,0.0366791252639483
1571,0.117670813740899
1572,0.125832755284121
1573,0.0128575969826091
1574,0.000597988003054034
1575,0.0478698392821984
1576,0.0529209238646383
1577,0.0292461999607357
1578,0.071611257943485
1579,0.0423040125214482
1580,0.0838483395863403
1581,0.13365349663843
1582,0.417009184224355
1583,0.110215526409015
1584,0.0114508717405525
1585,0.111731990660024
1586,0.0749614931700364
1587,0.0617749776098539
1588,0.0730361362988006
1589,0.396773597371964
1590,0.116034026507872
1591,0.139428187208614
1592,0.065136115653534
1593,0.0427939647554674
1594,0.00397446823560379
1595,0.00174548867183301
1596,0.068421624681734
1597,0.0120822457710158
1598,0.70246136330997
1599,0.106771285172507
1600,0.116986350745208
1601,0.0064438790151656
1602,0.0901865920183074
1603,0.194725248330408
1604,0.171748022287219
1605,0.0628950053148649
1606,0.189990702835731
1607,0.0720945269103471
1608,0.0205380455167456
1609,0.0603380455550822
1610,0.0576209590600973
1611,0.051168341697617
1612,0.0719977831324181
1613,0.118424211455585
1614,0.0289084139618684
1615,0.0568001297822024
1616,0.162786884225717
1617,0.0917026722353965
1618,0.141528679050318
1619,0.0334921403872696
1620,0.0308506867974857
1621,0.00758109787817706
1622,0.288327613733184
1623,0.00176898051391948
1624,0.167798803264934
1625,0.0648258458976383
1626,0.0953520167242137
1627,0.0643572357362725
1628,0.0387059231288731
1629,0.0329781101847237
1630,0.0826657022396012
1631,0.0124007146790885
1632,0.173281572920845
1633,0.216014455484453
1634,0.0290118804286149
1635,0.0212598522371533
1636,0.0611300139941952
1637,0.0324064640074291
1638,0.112696749455985
1639,0.00347850676141984
1640,0.305898046613719
1641,0.235181740897003
1642,0.0651677893436508
1643,0.215640175229504
1644,0.0612050227143548
1645,0.111921241164452
1646,0.220411164674627
1647,0.0437800219621171
1648,0.0241122042590922
1649,0.0711272505169614
1650,0.0401237602768974
1651,0.00321971536774411
1652,0.0504452595063909
1653,0.0372911063022912
1654,0.085595079234827
1655,0.207307443204668
1656,0.0441950011405755
1657,0.0207130747677928
1658,0.182122998609274
1659,0.324437336977103
1660,0.171236259008486
1661,0.0245865582149814
1662,0.0224593285274661
1663,0.0717536015397863
1664,0.0338275479963797
1665,0.0855783495025117
1666,0.0321010031144727
1667,0.0450565945357084
1668,0.013918208319714
1669,0.0191069229310358
1670,0.0264063721776686
1671,0.026249332268807
1672,0.125196889631695
1673,0.18857879038475
1674,0.00274565081763134
1675,0.0204535346816887
1676,0.0137090194118651
1677,0.0692675615707322
1678,0.0706964924216011
1679,0.0614952991123904
1680,0.00850741306997158
1681,0.0148311491895032
1682,0.0145740691487762
1683,0.0465827409008687
1684,0.0790360525042913
1685,0.0598071900365705
1686,0.0526183764026924
1687,0.101905182509504
1688,0.0464071100356697
1689,0.0175567716056232
1690,0.0543917982246388
1691,0.01775964806703
1692,0.0467400260862302
1693,0.0719126567774885
1694,0.541060760586704
1695,0.00829546484909134
1696,0.199843209600757
1697,0.0302824061101469
1698,0.152220993718453
1699,0.224257424631637
1700,0.076353181657711
1701,0.0551724328066815
1702,0.232185153617835
1703,0.0510555410503664
1704,0.0719086724210609
1705,0.0343625404533337
1706,0.0277977827513082
1707,0.0355516297912056
1708,0.0803804896508282
1709,0.108196360602908
1710,0.0479855690236119
1711,0.055767458143898
1712,0.31300933522084
1713,0.0127024297517809
1714,0.10076790124812
1715,0.119310886595304
1716,0.125706578685724
1717,0.0438892592845315
1718,0.0241728056156437
1719,0.0506956123916263
1720,0.0666290648308911
1721,0.0323585751466453
1722,0.111078139729365
1723,0.31348735363473
1724,0.687554010913871
1725,0.28095163403414
1726,0.0482262246395377
1727,0.139243853563942
1728,0.00543919380933048
1729,0.07475078706671
1730,0.0158564527503581
1731,0.0757854210851962
1732,0.0663600070363836
1733,0.00266362887553193
1734,0.148048661804432
1735,0.153796657330117
1736,0.0483702426268296
1737,0.0127743100747466
1738,0.0768022702291348
1739,0.0193590827455575
1740,0.0139772449620068
1741,0.070442554195659
1742,0.0404678545892239
1743,0.0821781576132061
1744,0.422314864983728
1745,0.0457016282122244
1746,0.0532290822910992
1747,0.0145461796782911
1748,0.0241798618808389
1749,0.037467172073031
1750,0.0498436484073747
1751,0.0404670309614052
1752,0.0596516688992236
1753,0.0699598538858126
1754,0.023591490293091
1755,0.0588051207702268
1756,0.19501712324476
1757,0.0295062304337819
1758,0.0237661581486464
1759,0.122073912989254
1760,0.00640871189534664
1761,0.00781373726204038
1762,0.0114310747435824
1763,0.0794944281397636
1764,0.0543368566273288
1765,0.011727419494331
1766,0.466602931111056
1767,0.0222785553639412
1768,0.0704415373177481
1769,0.0185155677125869
1770,0.051518415778198
1771,0.0278032521124591
1772,0.0213873042315039
1773,0.0636123376457991
1774,0.0097843083045022
1775,0.0230586038140411
1776,0.0330108417173203
1777,0.124087389893397
1778,0.111232960592862
1779,0.207678770896628
1780,0.0197759971276603
1781,0.104354700653676
1782,0.0105442510882514
1783,0.028374792965637
1784,0.0263993218117817
1785,0.0340768151323904
1786,0.00435174438594417
1787,0.0580740613778206
1788,0.0644130052323136
1789,0.0632446401096823
1790,0.0558340984650634
1791,0.0322956993583334
1792,0.159677686132234
1793,0.101088149384586
1794,0.0585450923747637
1795,0.0283132004551589
1796,0.0583468966863372
1797,0.165003492640736
1798,0.0326487769118764
1799,0.0960660264539466
1800,0.0585840255953372
1801,0.287162479336591
1802,0.1245760114148
1803,0.0314567311328243
1804,0.0308192445099432
1805,0.167424741786125
1806,0.028554590926929
1807,0.239449902510836
1808,0.0518270575929379
1809,0.44890213220658
1810,0.129539074368587
1811,0.288747106748174
1812,0.0109024350108071
1813,0.14874408698131
1814,0.407317100916511
1815,0.0339541264528452
1816,0.0638773532683278
1817,0.105695498087434
1818,0.095412333746093
1819,0.0803356510861644
1820,0.00940509847449985
1821,0.149087406023532
1822,0.0135197012939236
1823,0.0506726340390742
1824,0.0443521635606885
1825,0.15318299535199
1826,0.124068734556872
1827,0.0166986308229918
1828,0.0651647354522629
1829,0.0863775762796879
1830,0.0314910863526165
1831,0.00113400487524066
1832,0.637716586863074
1833,0.0929025542799462
1834,0.0387388032183728
1835,0.0420698566273623
1836,0.0559204910797152
1837,0.0699179874626463
1838,0.19100921684577
1839,0.109445815986775
1840,0.170193519862302
1841,0.0309172657746754
1842,0.449429136928192
1843,0.178403941229476
1844,0.148945909993055
1845,0.0437832285057415
1846,0.158056643191199
1847,0.0151489932700406
1848,0.182373608878203
1849,0.319570541870735
1850,0.0170607496984303
1851,0.051376636817374
1852,0.11580935154067
1853,0.0782369335397818
1854,0.273290990413215
1855,0.192307160478481
1856,0.0780703598933881
1857,0.0582253811034289
1858,0.203171432514817
1859,0.286045564831283
1860,0.0304674142011838
1861,0.272143741884995
1862,0.0635652898518617
1863,0.0989291316145638
1864,0.00442534128260771
1865,0.151483048761923
1866,0.206703043616011
1867,0.0014907305173034
1868,0.0603030326945538
1869,0.27888539838347
1870,0.00558454492552714
1871,0.00852649940774706
1872,0.0966894501274023
1873,0.0453326360491866
1874,0.0116658693752733
1875,0.0706576612860006
1876,0.00220072387971661
1877,0.035642484202981
1878,0.0577669773589481
1879,0.0734587057709434
1880,0.0304284762083129
1881,0.117691240438928
1882,0.186488762659595
1883,0.0847874900122818
1884,0.0680435275282112
1885,0.0338323070466228
1886,0.0275180711918934
1887,0.0158995804923944
1888,0.00132075595584783
1889,0.136409892746321
1890,0.0129108053039421
1891,0.0367112069560046
1892,0.0374952147460797
1893,0.103163589973586
1894,0.0539538503878496
1895,0.0711015773646933
1896,0.0336344955827702
1897,0.0342672816477716
1898,0.0422800754789602
1899,0.0160440938885916
1900,0.137695562592533
1901,0.193440744303224
1902,0.191484394827661
1903,0.0819036676086903
1904,0.0519351889802651
1905,0.092995032325632
1906,0.0570113562386144
1907,0.440313701240969
1908,0.0509085166268051
1909,0.186833913176387
1910,0.0734722949825504
1911,0.0205850003879856
1912,0.374260543911165
1913,0.304604083961686
1914,0.0194615807214921
1915,0.100495010949984
1916,0.0454206735911694
1917,0.0251063823869283
1918,0.0647653408141039
1919,0.194037586616474
1920,0.00223773281851953
1921,0.0146791145459495
1922,0.069772562961818
1923,0.0575427664867179
1924,0.139211113472366
1925,0.0464914040216668
1926,0.141416044923269
1927,0.104858937669452
1928,0.0265843284909021
1929,0.0447225851768797
1930,0.0200249465521086
1931,0.161137705661169
1932,0.0149382579309697
1933,0.0770755482968699
1934,0.0579363448884
1935,0.124133745712558
1936,0.0641434492961278
1937,0.123999113805837
1938,0.031839581933097
1939,0.0544735637747429
1940,0.00776471746141987
1941,0.0999053341552355
1942,0.0710563528397961
1943,0.0961605003065424
1944,0.192733263875483
1945,0.000595578496832932
1946,0.245672568498067
1947,0.10032628433905
1948,0.00859437688125048
1949,0.0877198209439906
1950,0.100388927466058
1951,0.311934330908715
1952,0.0814668658913277
1953,0.147969596707935
1954,0.152577413452585
1955,0.0954550426753825
1956,0.00777722332118587
1957,0.0626082482155074
1958,0.124086241995991
1959,0.0771014753360041
1960,0.0100713178346103
1961,0.0896600573104486
1962,0.008734850620053
1963,0.0384027148088948
1964,0.104231091125661
1965,0.0216490762646903
1966,0.17321538297881
1967,0.0198384939946912
1968,0.0191194582730532
1969,0.303378741834276
1970,0.0165253212958208
1971,0.0160933678299051
1972,0.0280615806748921
1973,0.0696646492693305
1974,0.298578502087056
1975,0.0588896710171618
1976,0.0317603415301578
1977,0.0205306448042393
1978,0.136898774646035
1979,0.0304060328184247
1980,0.186123571266317
1981,0.0424629282206297
1982,0.0357354516586797
1983,0.0666946235328653
1984,0.0923706055157304
1985,0.117490148167963
1986,0.0373888231644576
1987,0.00186196065882004
1988,0.0499305826696483
1989,0.0188766356478023
1990,0.193999848401739
1991,0.129188600870448
1992,0.0523111481558193
1993,0.0890622986442404
1994,0.155756040891953
1995,0.0289757425106301
1996,0.0950052908329541
1997,0.0148072283213686
1998,0.00430990014733239
1999,0.172455019563926
2000,0.115657600824373
2001,0.0028341884132136
2002,0.00151066452434117
2003,0.00834986233067784
2004,0.0484936727126214
2005,0.131345192242804
2006,0.00754717682403597
2007,0.00221976749841223
2008,0.0761913505598643
2009,0.0475696118323441
2010,0.154905199488945
2011,0.0174502190202475
2012,0.0432473075660792
2013,0.223074998187128
2014,0.0468622304668481
2015,0.24135758574245
2016,0.00314102597026662
2017,0.0349061189408884
2018,0.0353062242923983
2019,0.0754307520283634
2020,0.0296019476584413
2021,0.00783110795203935
2022,0.0198622780505145
2023,0.163650775320641
2024,0.00660027097910643
2025,0.0114778384820304
2026,0.00241814133529157
2027,0.00154967013133205
2028,0.0671694400321207
2029,0.124091324731275
2030,0.0341183609667827
2031,0.0836694759532549
2032,0.00822013987092408
2033,0.0107064259407873
2034,0.00506115543910048
2035,0.176437812087701
2036,0.0641296708240845
2037,0.335562729511619
2038,0.0281237890012562
2039,0.0875406295700247
2040,0.0744035155050874
2041,0.127921821611108
2042,0.0263454606366735
2043,0.0691749370534052
2044,0.0139051851814747
2045,0.1320964268925
2046,0.298778976213828
2047,0.012190734188051
2048,0.138119631354594
2049,0.0752306056911146
2050,0.112500153224144
2051,0.051820719064298
2052,0.0886085863102306
2053,0.158154209390773
2054,0.252901058967443
2055,0.119834941469378
2056,0.0822793032766483
2057,0.321288391081994
2058,0.104273583271321
2059,0.00892712971703573
2060,0.296122763629289
2061,0.0422738797708668
2062,0.0459512347694148
2063,0.0821040922060349
2064,0.0156228160640689
2065,0.00582885848019611
2066,0.311755742523783
2067,0.0723318469418461
2068,0.0534053502011706
2069,0.120594506910146
2070,0.0354069914160804
2071,0.163264884351819
2072,0.0413396417052102
2073,0.0381981132721359
2074,0.0844752145046278
2075,0.0642829261395287
2076,0.0474479948170483
2077,0.261630189674447
2078,0.0135296243666248
2079,0.125006738369005
2080,0.0661003624960547
2081,0.0977909019937946
2082,0.152522201049547
2083,0.27731700330343
2084,0.0497518845156512
2085,0.298562383771922
2086,0.034976268992009
2087,0.100610202574565
2088,0.0300237707878378
2089,0.172649844603697
2090,0.0929411506580776
2091,0.057105856354941
2092,0.0809315904418791
2093,0.034849550335207
2094,0.158329030660556
2095,0.0223419420759786
2096,0.164113763758833
2097,0.29725620422862
2098,0.0494740851308135
2099,0.0623519636097957
2100,0.0304311799647456
2101,0.166549245395934
2102,0.0145572823556987
2103,0.0502287126146257
2104,0.0101017991758206
2105,0.169680752360498
2106,0.164028378643613
2107,0.00860007782364478
2108,0.127735252390206
2109,0.0939560393841043
2110,0.140678801454261
2111,0.00547091029152429
2112,0.0906284774869421
2113,0.09224115204721
2114,0.103731662031169
2115,0.136838409364713
2116,0.0158686099798641
2117,0.0356849276869662
2118,0.105265720997589
2119,0.0626721924848177
2120,0.0759395478090625
2121,0.0074655632911758
2122,0.0245619783262638
2123,0.071879114867179
2124,0.00400581676512957
2125,0.0339657516134056
2126,0.0207130483097651
2127,0.0161941580219386
2128,0.0163955005647784
2129,0.0698397953025051
2130,0.0998336180050042
2131,0.0104715551598207
2132,0.0560409209944985
2133,0.0145110443488441
2134,0.0821244869004336
2135,0.0264175926673819
2136,0.268121673964266
2137,0.122116503301914
2138,0.21302228402894
2139,0.000743319576775486
2140,0.0715393285144199
2141,0.0432873497801748
2142,0.070840329882956
2143,0.01615161372518
2144,0.179104159493828
2145,0.054422925861383
2146,0.00368721099805548
2147,0.0493333902294663
2148,0.0328153154613632
2149,0.253711802652344
2150,0.00972201804620264
2151,0.19615720023813
2152,0.0779259235609738
2153,0.0463733216747642
2154,0.0348249751312489
2155,0.097713920791963
2156,0.0604261102747511
2157,0.0566695428622717
2158,0.0873369909054651
2159,0.00551469182252994
2160,0.00623494134115526
2161,0.0146676144054668
2162,0.179795939806323
2163,0.153644313689472
2164,0.0354120312258601
2165,0.102770435874003
2166,0.0753336271063588
2167,0.0959564713347705
2168,0.00653166961663036
2169,0.0437307743440298
2170,0.00857604934241284
2171,0.0186406128447164
2172,0.0821032466498028
2173,0.231665842731625
2174,0.0769348787797901
2175,0.0545880120162937
2176,0.0264324398965321
2177,0.333789200079582
2178,0.230793962582326
2179,0.231121373077862
2180,0.112617672163222
2181,0.0233481268991124
2182,0.00441471000084021
2183,0.150300146298539
2184,0.0244985310208269
2185,0.0156384848312221
2186,0.0809726751455947
2187,0.0609091557139023
2188,0.0499045165171
2189,0.0536802230134081
2190,0.0456185946316839
2191,0.0243644742295146
2192,0.278923632053791
2193,0.0215179191224954
2194,0.0197771390984682
2195,0.0411974035930028
2196,0.0708262824723971
2197,0.157634924581595
2198,0.0357229587706653
2199,0.0890902875122439
2200,0.058583690403876
2201,0.0697096893525676
2202,0.076882054723215
2203,0.278460900876635
2204,0.109625820744012
2205,0.0112615502378049
2206,0.0907376913146279
2207,0.0411560809229621
2208,0.0940536524011847
2209,0.0230841252526958
2210,0.0158211177027633
2211,0.00409664351585535
2212,0.0141271034612028
2213,0.103677582753898
2214,0.0652519614312877
2215,0.00357495134019039
2216,0.140910813238623
2217,0.0406225945123217
2218,0.00969521162744389
2219,0.129390273066219
2220,0.0319954371926459
2221,0.029758093285967
2222,0.106638576577578
2223,0.0263989805667238
2224,0.15587180953725
2225,0.122844522476441
2226,0.0810452200942159
2227,0.0130923362749402
2228,0.00491149397566915
2229,0.136234424661996
2230,0.24373663639012
2231,0.0392222512852062
2232,0.0247265366301469
2233,0.00201792198664759
2234,0.0777413466568438
2235,0.0303893855836494
2236,0.0136854515664957
2237,0.4362842240565
2238,0.0656222989939647
2239,0.0310724872079763
2240,0.0573196758262136
2241,0.022606349973516
2242,0.187166750254091
2243,0.014400066840684
2244,0.0559536942111498
2245,0.195141054094937
2246,0.0714207905391141
2247,0.0462074322118001
2248,0.0934941288357794
2249,0.125225412316865
2250,0.00548263008452275
2251,0.0178059420379048
2252,0.276594980725904
2253,0.00536600432612679
2254,0.116276847702781
2255,0.00772147549485618
2256,0.158063839164867
2257,0.010082381057807
2258,0.454233214478975
2259,0.251418339077102
2260,0.0679479648574927
2261,0.130385662336731
2262,0.0107431128959764
2263,0.0500319983217527
2264,0.0431357195854864
2265,0.192189875614093
2266,0.017864286724206
2267,0.0846555537759998
2268,0.0861579115927259
2269,0.0345522076489232
2270,0.181755043050595
2271,0.0592791267078031
2272,0.0115283165042373
2273,0.121015278110695
2274,0.0195819769821416
2275,0.0608749917539006
2276,0.00955106699019306
2277,0.161058137355016
2278,0.0115642349913039
2279,0.0730546000798735
2280,0.224309905166711
2281,0.00255327824764256
2282,0.00235956495691894
2283,0.00329879104075107
2284,0.000995040363208814
2285,0.0135279324261138
2286,0.122394833879282
2287,0.102715629524298
2288,0.0613228748129173
2289,0.00204921524164337
2290,0.0966782447081815
2291,0.0884353651768346
2292,0.079719817249896
2293,0.017134705080342
2294,0.0303789244613107
2295,0.0572510033591904
2296,0.0427123299291865
2297,0.288939093986321
2298,0.118660506449885
2299,0.0593342187763497
2300,0.0551635764793239
2301,0.0684750261255026
2302,0.0603139693758287
2303,0.031140312244574
2304,0.0836051669455684
2305,0.210145285341607
2306,0.051701368171383
2307,0.0410524632645586
2308,0.0846183054863796
2309,0.0433348415165462
2310,0.0340463579632342
2311,0.0110586783997182
2312,0.0996474734553977
2313,0.0669498469711573
2314,0.00958546202358171
2315,0.0190103403715925
2316,0.011748280221636
2317,0.0186970861855603
2318,0.0124105240958031
2319,0.0488486069847237
2320,0.0519031033512544
2321,0.0315127855336124
2322,0.0211444505575028
2323,0.0240387627854943
2324,0.0198915911923078
2325,0.0627940241670744
2326,0.0129964967596937
2327,0.244487636287839
2328,0.0516739826310765
2329,0.281684786156591
2330,0.791290974706641
2331,0.147264359680579
2332,0.0609631174328652
2333,0.0205922571145034
2334,0.0504709737460044
2335,0.0621747059154917
2336,0.365501898745114
2337,0.109004618511526
2338,0.00651269361260034
2339,0.0338144364597445
2340,0.0842740068343293
2341,0.0113882724703713
2342,0.0672639266521221
2343,0.0321926771324467
2344,0.0304153493436223
2345,0.101014338768586
2346,0.0180394158444621
2347,0.0329580277373845
2348,0.293609973909203
2349,0.0417864505116912
2350,0.0636493848090562
2351,0.130737625443492
2352,0.0574351898817854
2353,0.0556155833500353
2354,0.0987788347319863
2355,0.0467061794108965
2356,0.102064815430724
2357,0.0130549529990689
2358,0.0675766866785299
2359,0.0299020379104398
2360,0.0461402725936337
2361,0.0244407761334018
2362,0.0267528916116465
2363,0.0198266405442899
2364,0.0856767535305944
2365,0.0341370765289122
2366,0.137807376336458
2367,0.139575810248691
2368,0.255149499921261
2369,0.141176660791529
2370,0.0218157346614382
2371,0.0645021463452155
2372,0.0811894546140064
2373,0.0401980506933548
2374,0.0123657861470499
2375,0.0186826966448941
2376,0.189509243946919
2377,0.164163815696621
2378,0.281265279343793
2379,0.0181765618613474
2380,0.0105140823262217
2381,0.00222431542351842
2382,0.0949130630590439
2383,0.0480920076793568
2384,0.140769454381451
2385,0.0310389780524102
2386,0.0447213880463757
2387,0.106246750967314
2388,0.281265045416251
2389,0.0502035050991584
2390,0.123804483982217
2391,0.0917403567544179
2392,0.0612393245947632
2393,0.0119765599962643
2394,0.00753388668156483
2395,0.126890628829195
2396,0.0436647381125526
2397,0.137253324677829
2398,0.0501163864762268
2399,0.0554986049167135
2400,0.131280128582447
2401,0.013587728647179
2402,0.0725803109355688
2403,0.00959339615126902
2404,0.0279593100263314
2405,0.0788281292362387
2406,0.00451388554157363
2407,0.0356110622259704
2408,0.000950307712297548
2409,0.131660800588892
2410,0.0707256797324267
2411,0.0995145044674668
2412,0.124851444647638
2413,0.00240798929536884
2414,0.129417925281363
2415,0.000391695532042149
2416,0.0260348594324155
2417,0.0239610781368648
2418,0.214929468748979
2419,0.0208679357204925
2420,0.00379046632654288
2421,0.0161966719008254
2422,0.0393571007404138
2423,0.0897063710265279
2424,0.0908994205524555
2425,0.175029442553306
2426,0.00528727528643173
2427,0.094015359874721
2428,0.109381993805388
2429,0.320742164200161
2430,0.118079697032111
2431,0.0383687250485474
2432,0.169272600777639
2433,0.0735499223800557
2434,0.0106164389713244
2435,0.117387679571023
2436,0.0126787454143844
2437,0.0111944933675907
2438,0.112084219071804
2439,0.0639062058989037
2440,0.0364282835590677
2441,0.032046236013147
2442,0.253786022210425
2443,0.159132939671063
2444,0.0136763349344785
2445,0.11441224389751
2446,0.201033032065038
2447,0.184943498676188
2448,0.00847769039772533
2449,0.097940783181896
2450,0.252181414160841
2451,0.058681985702027
2452,0.216362330543104
2453,0.00577943615535364
2454,0.0365716752342202
2455,0.00747093609110876
2456,0.0207354969937693
2457,0.314032628439669
2458,0.0257742073970367
2459,0.0136934174735912
2460,0.36323854647022
2461,0.0319346030338703
2462,0.00731013556437617
2463,0.329562485706947
2464,0.0519550390202891
2465,0.0249347864040763
2466,0.0389589954336936
2467,0.0491127400574359
2468,0.117761475297088
2469,0.0328326104258008
2470,0.0630397046454668
2471,0.0377754683775658
2472,0.336384248494118
2473,0.000854440329765732
2474,0.107173296026453
2475,0.00044432312080806
2476,0.0286786047826436
2477,0.125995550385498
2478,0.12033223047132
2479,0.244813789856085
2480,0.219023967827643
2481,0.0663994718304829
2482,0.0302729991898773
2483,0.0217669524083083
2484,0.104187944501474
2485,0.0414020172743635
2486,0.0908206057508244
2487,0.107379146085789
2488,0.415998414667232
2489,0.130690219211797
2490,0.115749872370445
2491,0.0398662449707362
2492,0.0401980852369558
2493,0.071522239832608
2494,0.13106064650059
2495,0.169655720780331
2496,0.0333469510436942
2497,0.201641247371599
2498,0.0787323642000388
2499,0.0894557062328957
2500,0.0429557574574243
2501,0.0225413748177426
2502,0.240016963152103
2503,0.0396727790575147
2504,0.238379111502038
2505,0.0491302891380408
2506,0.0706830801234265
2507,0.132209502199252
2508,0.0277967911044305
2509,0.0390380502001128
2510,0.0341361764056439
2511,0.0168146890249442
2512,0.0145594563165849
2513,0.0398288985121657
2514,0.339731173570731
2515,0.196585326867405
2516,0.0889361943503413
2517,0.0471957761540332
2518,0.0764820545196273
2519,0.00318828347901052
2520,0.119328505440437
2521,0.0416130970909514
2522,0.00238775072449988
2523,0.0774061535251342
2524,0.0639342354064378
2525,0.295179579730363
2526,0.264895065248992
2527,0.503152428845473
2528,0.10548012982672
2529,0.0532509873007905
2530,0.31276857580478
2531,0.137041706584207
2532,0.035621597143942
2533,0.0297649783844298
2534,0.00857636798173189
2535,0.0156124601359968
2536,0.286512219495204
2537,0.0615762383253737
2538,0.0387935906394639
2539,0.0177151466804472
2540,0.0524984986775301
2541,0.0326835345900194
2542,0.055635119153356
2543,0.0713903217284257
2544,0.00539729303934357
2545,0.0899801978125908
2546,0.00634275988931649
2547,0.172329843205974
2548,0.00552311013676476
2549,0.0470023569650948
2550,0.0443915453542389
2551,0.117418768265536
2552,0.176779867904243
2553,0.164357474404792
2554,0.00407869705119399
2555,0.142006324427184
2556,0.219875337544547
2557,0.0385059110650962
2558,0.12743898869829
2559,0.308689764262225
2560,0.117609530090853
2561,0.0405097220872877
2562,0.0404072646321494
2563,0.00329844102567027
2564,0.108266937607773
2565,0.336762155133085
2566,0.0328119845296579
2567,0.181951947163942
2568,0.0273221534280828
2569,0.0972035797797487
2570,0.0743598707659418
2571,0.134086417703956
2572,0.221173542286242
2573,0.0100165421397171
2574,0.0276660235937346
2575,0.00321370779213184
2576,0.00379801926795732
2577,0.0842127167496909
2578,0.0487314946526154
2579,0.216185925855613
2580,0.0510677343911745
2581,0.0628463498909365
2582,0.041126170788299
2583,0.0406623423014852
2584,0.0331027202138847
2585,0.0335735701955855
2586,0.0809959248785847
2587,0.0128472175195136
2588,0.0307826681739905
2589,0.0672948738013896
2590,0.099688794968048
2591,0.122932934029103
2592,0.0692380785368204
2593,0.00160163717175072
2594,0.0638528426393607
2595,0.0473062161948871
2596,0.00175261150368235
2597,0.0600865097208457
2598,0.228964763089395
2599,0.0306205568214945
2600,0.225008662947934
2601,0.0878660687291904
2602,0.0468181437304751
2603,0.022218926301734
2604,0.0903138809044072
2605,0.0767881633237712
2606,0.101622325618404
2607,0.0398336688733914
2608,0.113389952866436
2609,0.0150367880070751
2610,0.019213691607795
2611,0.336162475511302
2612,0.0414973578669808
2613,0.0201787427914414
2614,0.138691580406997
2615,0.0422466148368337
2616,0.0355666529556567
2617,0.119154238053588
2618,0.127547134044985
2619,0.280640139483218
2620,0.0233760794455355
2621,0.0157800006970503
2622,0.477584622268639
2623,0.122971623624158
2624,0.111094965510993
2625,0.0456033724106171
2626,0.043924332941518
2627,0.0721283073568696
2628,0.0968869389044842
2629,0.0621803986670619
2630,0.0884220862566086
2631,0.0212198382412845
2632,0.025529030371796
2633,0.204481163304695
2634,0.0595988747240467
2635,0.0392409856854515
2636,0.0104283496991477
2637,0.0282977957447821
2638,0.174394773142394
2639,0.0509430626407266
2640,0.02859560421414
2641,0.00775040832693874
2642,0.00618893448925953
2643,0.204421576528238
2644,0.225828332940218
2645,0.072180517098688
2646,0.109909868626
2647,0.0606247080405327
2648,0.01651191680269
2649,0.0610973095859994
2650,0.29507427119223
2651,0.0778225728865114
2652,0.0397461343725974
2653,0.0411780753426931
2654,0.000884961675513874
2655,0.0438055294563874
2656,0.0123342898254373
2657,0.00527285797938045
2658,0.1139749268201
2659,0.0170784148133614
2660,0.012569077706724
2661,0.0687701485335567
2662,0.0547744930358336
2663,0.0188214397759505
2664,0.143251418043757
2665,0.055220972111618
2666,0.0497334171933207
2667,0.216897638089962
2668,0.0541544497775083
2669,0.108717741948882
2670,0.114932876076456
2671,0.404615802128496
2672,0.0213377708775298
2673,0.068743967377932
2674,0.094991276100648
2675,0.0347541292113337
2676,0.321783567505674
2677,0.00658923806667406
2678,0.0900952755012036
2679,0.19408102213868
2680,0.0599249014207585
2681,0.117671143073033
2682,0.0249026762869907
2683,0.0568702702664516
2684,0.00551283663287541
2685,0.0276655787296086
2686,0.00229205171672985
2687,0.170543037177977
2688,0.0332273960282857
2689,0.0446764825081283
2690,0.00474476526406678
2691,0.37750920566768
2692,0.165800534604884
2693,0.164241229599662
