,Date,Open,High,Low,Close,Volume,Dividends,Stock Splits
0,2021-01-04,44200.0390625,45299.01171875,44186.9609375,44703.0,87067500,0.0,0.0
1,2021-01-05,44751.76953125,44947.5390625,44485.671875,44908.12109375,164420500,0.0,0.0
2,2021-01-06,45204.55859375,46251.05078125,45158.98046875,45587.16015625,240344800,0.0,0.0
3,2021-01-07,45877.44921875,46271.98828125,45797.30078125,46188.66015625,221127900,0.0,0.0
4,2021-01-08,46236.5703125,46925.05859375,46179.25,46729.30078125,346659500,0.0,0.0
5,2021-01-11,46661.828125,46664.66015625,46038.3984375,46395.3203125,180062200,0.0,0.0
6,2021-01-12,46448.71875,46658.55078125,45854.859375,45951.76953125,201068500,0.0,0.0
7,2021-01-13,46048.01171875,46085.53125,45491.76171875,45740.1484375,180414700,0.0,0.0
8,2021-01-14,45821.23828125,46251.390625,45609.33984375,46070.91015625,194114500,0.0,0.0
9,2021-01-15,46093.98828125,46093.98828125,45686.25,45892.28125,153123700,0.0,0.0
10,2021-01-18,45878.37890625,46532.16015625,45878.359375,46458.01953125,49419000,0.0,0.0
11,2021-01-19,46581.9609375,46599.62109375,45415.328125,45495.41015625,211311800,0.0,0.0
12,2021-01-20,45726.98828125,45726.98828125,44875.26171875,45125.7109375,222455000,0.0,0.0
13,2021-01-21,45330.98828125,45428.7109375,44727.3203125,44810.2109375,204102900,0.0,0.0
14,2021-01-22,44756.62890625,44811.69140625,44119.578125,44683.55078125,153347700,0.0,0.0
15,2021-01-25,44850.12890625,45203.7890625,44028.8515625,45126.51171875,168987800,0.0,0.0
16,2021-01-26,45066.3984375,45114.37890625,44483.8984375,45053.55859375,224492100,0.0,0.0
17,2021-01-27,44733.8203125,44759.7109375,43922.98828125,44262.01171875,247130000,0.0,0.0
18,2021-01-28,44365.2890625,44578.609375,43914.890625,44280.73046875,192065600,0.0,0.0
19,2021-01-29,44122.6015625,44211.37109375,42900.9609375,42985.73046875,401821000,0.0,0.0
20,2021-02-02,43152.30859375,44435.69140625,43152.30859375,43848.921875,378546500,0.0,0.0
21,2021-02-03,43954.7109375,44122.21875,43521.26953125,43957.0703125,818164800,0.0,0.0
22,2021-02-04,44012.7890625,44334.94921875,43936.19140625,44167.578125,233341500,0.0,0.0
23,2021-02-05,44239.12890625,44636.8203125,44081.7109375,44145.69921875,124370000,0.0,0.0
24,2021-02-08,44199.37890625,44440.73046875,44015.69921875,44197.51171875,167093800,0.0,0.0
25,2021-02-09,44225.26171875,45103.30859375,44214.5390625,45020.9609375,176810900,0.0,0.0
26,2021-02-10,45180.671875,45235.53125,44651.87890625,44718.23046875,155706400,0.0,0.0
27,2021-02-11,44750.23046875,45074.46875,43968.87109375,44060.08984375,182011300,0.0,0.0
28,2021-02-12,44088.5,44239.7890625,43923.87109375,44202.51953125,119778500,0.0,0.0
29,2021-02-15,44228.109375,44303.96875,44073.48046875,44157.48828125,18282500,0.0,0.0
30,2021-02-16,44325.3203125,44836.859375,44325.3203125,44698.58984375,140771100,0.0,0.0
31,2021-02-17,44667.05078125,45175.3203125,44533.46875,45061.94921875,217832900,0.0,0.0
32,2021-02-18,44968.1796875,44991.21875,44430.9609375,44507.94921875,272232300,0.0,0.0
33,2021-02-19,44686.7890625,45116.109375,44633.390625,44900.078125,172848900,0.0,0.0
34,2021-02-22,44988.3984375,45233.3203125,44743.359375,44946.6015625,243609100,0.0,0.0
35,2021-02-23,44794.80078125,45599.01171875,44397.0,45268.328125,196669900,0.0,0.0
36,2021-02-24,45278.05078125,45445.5703125,44972.19921875,45151.37890625,200388200,0.0,0.0
37,2021-02-25,45306.390625,45738.1484375,44232.421875,44310.26953125,270064300,0.0,0.0
38,2021-02-26,44305.19921875,44670.6796875,44089.3203125,44592.91015625,396111700,0.0,0.0
39,2021-03-01,44787.66015625,45243.33984375,44614.6796875,44784.578125,150723600,0.0,0.0
40,2021-03-02,44766.78125,45818.94921875,44750.8515625,45682.19140625,178031600,0.0,0.0
41,2021-03-03,45873.7109375,46480.73046875,45706.94140625,46377.46875,225885700,0.0,0.0
42,2021-03-04,46366.48828125,46689.4609375,45932.8203125,46004.19140625,228834000,0.0,0.0
43,2021-03-05,46265.8515625,46708.78125,45994.44140625,46342.5390625,207373600,0.0,0.0
44,2021-03-08,46365.94921875,47297.328125,46295.53125,47075.41015625,211292600,0.0,0.0
45,2021-03-09,47169.80078125,47396.33984375,46904.8515625,47103.6015625,216279500,0.0,0.0
46,2021-03-10,47169.7109375,47619.16015625,46943.19921875,47549.671875,168621800,0.0,0.0
47,2021-03-11,47567.1796875,47900.421875,47543.859375,47673.8203125,166637900,0.0,0.0
48,2021-03-12,47574.5,47987.23046875,47478.4296875,47769.87109375,168348900,0.0,0.0
49,2021-03-16,47778.7109375,48251.73046875,47427.7109375,48203.94921875,2152200,0.0,0.0
50,2021-03-17,48204.03125,48314.23828125,47627.41015625,47679.48828125,1431500,0.0,0.0
51,2021-03-18,47799.1484375,47928.69921875,47535.921875,47572.390625,131592500,0.0,0.0
52,2021-03-19,47422.25,47654.12890625,46932.671875,47028.0390625,704660100,0.0,0.0
53,2021-03-22,47123.109375,47567.62109375,47009.6015625,47225.44140625,122860600,0.0,0.0
54,2021-03-23,47309.23828125,47309.23828125,46603.51953125,46659.1796875,151281300,0.0,0.0
55,2021-03-24,46755.87109375,46928.4609375,46559.37109375,46703.140625,148714600,0.0,0.0
56,2021-03-25,46524.55859375,47062.640625,46372.8984375,47012.37109375,178236100,0.0,0.0
57,2021-03-26,47354.21875,47490.078125,46628.01953125,47379.19140625,149907400,0.0,0.0
58,2021-03-29,47430.78125,47790.12109375,47141.5703125,47747.359375,161957000,0.0,0.0
59,2021-03-30,47736.98828125,47936.5703125,47327.23046875,47905.0,141892600,0.0,0.0
60,2021-03-31,47838.2890625,47865.05078125,47030.76171875,47246.26171875,258737600,0.0,0.0
61,2021-04-05,47575.609375,48335.51953125,47487.51953125,48245.8515625,120250200,0.0,0.0
62,2021-04-06,48238.671875,48238.671875,47876.08984375,47985.4296875,106725000,0.0,0.0
63,2021-04-07,47571.55078125,48053.16015625,47478.62109375,47897.83984375,166002400,0.0,0.0
64,2021-04-08,47853.55859375,48315.3203125,47756.98046875,48188.1484375,148442300,0.0,0.0
65,2021-04-09,48185.078125,48253.12109375,47588.9296875,47627.671875,138001200,0.0,0.0
66,2021-04-12,47576.3203125,47754.51953125,47253.4609375,47352.1796875,116556700,0.0,0.0
67,2021-04-13,47356.83984375,47544.19140625,47138.33984375,47503.7109375,171055700,0.0,0.0
68,2021-04-14,47949.1484375,48380.75,47848.66015625,48329.83984375,148201400,0.0,0.0
69,2021-04-15,48322.98046875,48685.44140625,48195.30859375,48514.1015625,160703400,0.0,0.0
70,2021-04-16,48513.33984375,48947.19140625,48412.44140625,48726.98046875,129972900,0.0,0.0
71,2021-04-19,48712.01953125,48759.76171875,48029.7109375,48072.62109375,114200400,0.0,0.0
72,2021-04-20,48073.44140625,48559.171875,47877.7109375,48528.96875,150164800,0.0,0.0
73,2021-04-21,48476.609375,49021.62890625,48476.609375,48867.62109375,144621700,0.0,0.0
74,2021-04-22,48961.05078125,49161.19140625,48663.53125,49092.30859375,187482600,0.0,0.0
75,2021-04-23,49087.0390625,49226.26171875,48760.2109375,49091.08984375,155930600,0.0,0.0
76,2021-04-26,49188.0,49313.3203125,48862.421875,48923.9296875,125390100,0.0,0.0
77,2021-04-27,49115.078125,49399.62109375,48744.87109375,48812.171875,157373800,0.0,0.0
78,2021-04-28,48840.921875,48988.1796875,48432.5703125,48487.94140625,115918500,0.0,0.0
79,2021-04-29,48799.87109375,49364.37890625,48714.0703125,48897.7890625,171030900,0.0,0.0
80,2021-04-30,48671.26953125,48911.8984375,47924.1015625,48009.71875,238308000,0.0,0.0
81,2021-05-03,48191.6796875,48585.48828125,48191.6796875,48498.640625,91968600,0.0,0.0
82,2021-05-04,48498.71875,48528.390625,48089.5703125,48328.19921875,141953800,0.0,0.0
83,2021-05-05,48366.26953125,48723.80078125,48341.37109375,48399.80078125,114072200,0.0,0.0
84,2021-05-06,48570.640625,49006.26953125,48456.37890625,48934.91015625,241871300,0.0,0.0
85,2021-05-07,48988.671875,49440.87890625,48894.828125,49249.01953125,123993500,0.0,0.0
86,2021-05-10,49295.9609375,50124.6015625,49295.9609375,49867.1484375,118903200,0.0,0.0
87,2021-05-11,49542.78125,49704.62109375,49226.23046875,49655.2890625,118784100,0.0,0.0
88,2021-05-12,49675.578125,49675.578125,48707.578125,48748.41015625,122382500,0.0,0.0
89,2021-05-13,48906.1015625,49179.1015625,48704.23828125,48829.30859375,123511700,0.0,0.0
90,2021-05-14,48829.58984375,49365.62109375,48829.58984375,49219.26171875,91084600,0.0,0.0
91,2021-05-17,49223.359375,49401.5703125,49049.828125,49371.98046875,107674600,0.0,0.0
92,2021-05-18,49500.19140625,49973.828125,49486.91015625,49789.30859375,150170300,0.0,0.0
93,2021-05-19,49563.58984375,49563.58984375,48906.3203125,49382.25,141399100,0.0,0.0
94,2021-05-20,49604.96875,49980.4609375,49160.05859375,49907.359375,281425100,0.0,0.0
95,2021-05-21,49975.9609375,49997.8203125,49376.53125,49778.80859375,89459300,0.0,0.0
96,2021-05-24,49847.30078125,49853.76953125,49352.0703125,49457.9296875,70692000,0.0,0.0
97,2021-05-25,49450.19921875,49515.171875,48781.828125,48826.94921875,113002700,0.0,0.0
98,2021-05-26,48931.69140625,49254.609375,48907.6796875,49103.5,142775700,0.0,0.0
99,2021-05-27,49188.01953125,49727.80078125,49148.05859375,49627.94921875,487953200,0.0,0.0
100,2021-05-28,49784.98828125,50111.66015625,49411.0390625,50040.73828125,125683000,0.0,0.0
101,2021-05-31,50023.390625,51066.859375,49952.80078125,50885.94921875,56300100,0.0,0.0
102,2021-06-01,50943.23828125,51037.421875,50603.26171875,50722.3515625,155835500,0.0,0.0
103,2021-06-02,50762.4609375,51077.2890625,50666.9609375,50749.640625,166555600,0.0,0.0
104,2021-06-03,50716.01953125,50768.30078125,50249.109375,50628.76953125,150542500,0.0,0.0
105,2021-06-04,50629.3203125,50683.4609375,50222.91015625,50484.3515625,115113400,0.0,0.0
106,2021-06-07,50500.9609375,51705.23046875,50493.73828125,51427.640625,155900000,0.0,0.0
107,2021-06-08,51391.51953125,51391.51953125,50703.9609375,50865.2109375,144818900,0.0,0.0
108,2021-06-09,50853.19921875,50975.578125,50670.3203125,50823.30078125,121780500,0.0,0.0
109,2021-06-10,50938.640625,51194.83984375,50782.62109375,50886.328125,97691100,0.0,0.0
110,2021-06-11,51052.8984375,51434.75,50948.890625,51286.4609375,105546200,0.0,0.0
111,2021-06-14,51293.62109375,51322.62109375,50982.51953125,51029.5390625,84788000,0.0,0.0
112,2021-06-15,51092.73828125,51097.19921875,50807.58984375,50908.1796875,145221100,0.0,0.0
113,2021-06-16,50944.12890625,50951.76953125,50419.1015625,50579.1015625,143164200,0.0,0.0
114,2021-06-17,50599.94140625,50952.3203125,49995.078125,50202.80078125,178430900,0.0,0.0
115,2021-06-18,50121.08984375,50522.109375,49848.05078125,50319.5703125,420633700,0.0,0.0
116,2021-06-21,50320.12890625,50447.3203125,50107.05859375,50315.69140625,89256100,0.0,0.0
117,2021-06-22,50391.1796875,50437.75,49832.109375,50129.87890625,99972900,0.0,0.0
118,2021-06-23,50164.078125,50531.76171875,50044.390625,50170.78125,141137000,0.0,0.0
119,2021-06-24,50316.671875,50682.12890625,50040.73828125,50558.3203125,162838200,0.0,0.0
120,2021-06-25,50496.859375,50690.12109375,50434.5390625,50549.859375,116876100,0.0,0.0
121,2021-06-28,50568.33984375,50677.5703125,50103.75,50351.2109375,86499200,0.0,0.0
122,2021-06-29,50326.0,50444.62109375,50156.12890625,50337.359375,154947000,0.0,0.0
123,2021-06-30,50350.6484375,50469.98828125,50020.23046875,50289.75,147098800,0.0,0.0
124,2021-07-01,50244.01953125,50541.8515625,50118.80859375,50376.890625,108643200,0.0,0.0
125,2021-07-02,50351.26953125,50360.4609375,50162.71875,50223.01171875,88286200,0.0,0.0
126,2021-07-05,50239.28125,50609.3984375,50239.28125,50552.80078125,20040000,0.0,0.0
127,2021-07-06,50598.76171875,50598.76171875,49643.9609375,50048.890625,121858900,0.0,0.0
128,2021-07-07,50129.01171875,50219.4609375,49757.94140625,50052.91015625,124804600,0.0,0.0
129,2021-07-08,49791.51171875,49791.51171875,49355.12890625,49570.87109375,144305200,0.0,0.0
130,2021-07-09,49524.890625,49994.5,49524.890625,49768.3515625,81984500,0.0,0.0
131,2021-07-12,49743.44921875,49878.44140625,49516.3984375,49789.12109375,76648400,0.0,0.0
132,2021-07-13,49848.76171875,49892.26953125,49074.73046875,49274.96875,91260500,0.0,0.0
133,2021-07-14,49424.109375,49520.421875,49177.01171875,49435.87890625,164546700,0.0,0.0
134,2021-07-15,49527.1796875,50429.8984375,49494.8984375,50274.8515625,131898000,0.0,0.0
135,2021-07-16,50226.671875,50243.80078125,49780.3203125,50148.12890625,102484000,0.0,0.0
136,2021-07-19,49960.78125,49960.78125,48598.08984375,49096.46875,132901500,0.0,0.0
137,2021-07-20,49208.44140625,49546.30078125,49136.6484375,49256.96875,96872600,0.0,0.0
138,2021-07-21,49249.5,50113.98828125,49249.5,50035.171875,93416700,0.0,0.0
139,2021-07-22,50081.4609375,50340.1484375,49861.69140625,50240.51171875,108111900,0.0,0.0
140,2021-07-23,50324.5703125,50397.109375,50098.55859375,50268.44921875,59065400,0.0,0.0
141,2021-07-26,50317.5703125,51140.3515625,50290.83984375,50897.7890625,104723700,0.0,0.0
142,2021-07-27,50926.171875,51041.12109375,50606.12890625,50910.53125,144956000,0.0,0.0
143,2021-07-28,50949.96875,51366.96875,50890.44921875,51344.109375,118638300,0.0,0.0
144,2021-07-29,51393.26171875,51856.6796875,51282.66015625,51634.6015625,176416800,0.0,0.0
145,2021-07-30,51516.66015625,51516.66015625,50783.44921875,50868.3203125,195832800,0.0,0.0
146,2021-08-02,50983.80078125,51306.3515625,50795.8984375,50869.48046875,121946900,0.0,0.0
147,2021-08-03,50872.26171875,51695.23046875,50669.76953125,51633.91015625,175698100,0.0,0.0
148,2021-08-04,51611.28125,51612.53125,50982.2890625,51195.4296875,128723600,0.0,0.0
149,2021-08-05,51224.171875,51441.55078125,50977.62890625,51134.9296875,126826300,0.0,0.0
150,2021-08-06,51028.76171875,51392.7109375,51018.83984375,51113.8515625,118829900,0.0,0.0
151,2021-08-09,51085.94921875,51131.19921875,50806.23828125,50900.4609375,117862700,0.0,0.0
152,2021-08-10,50988.26953125,51263.48828125,50817.7890625,51114.16015625,109661500,0.0,0.0
153,2021-08-11,51192.91015625,51399.80078125,51068.03125,51311.6015625,122163000,0.0,0.0
154,2021-08-12,51292.83984375,51293.05078125,51000.12109375,51049.69140625,126606700,0.0,0.0
155,2021-08-13,51103.5703125,51529.0703125,51022.76953125,51490.94140625,100725100,0.0,0.0
156,2021-08-16,51380.05078125,51563.671875,51094.73046875,51384.91015625,88687600,0.0,0.0
157,2021-08-17,51413.62890625,51634.48046875,51177.55859375,51576.578125,208406000,0.0,0.0
158,2021-08-18,51592.37890625,52082.5390625,51350.171875,51986.078125,194605400,0.0,0.0
159,2021-08-19,51809.98828125,51809.98828125,50776.98828125,51099.359375,155079600,0.0,0.0
160,2021-08-20,51256.25,51593.33984375,50985.80078125,51414.3203125,127164900,0.0,0.0
161,2021-08-23,51429.8984375,52227.91015625,51429.8984375,52054.640625,112278800,0.0,0.0
162,2021-08-24,52022.73046875,52360.98828125,51895.28125,51985.0,136483500,0.0,0.0
163,2021-08-25,52193.71875,52381.390625,51946.51171875,52345.390625,123767400,0.0,0.0
164,2021-08-26,52284.26171875,52420.05859375,51944.5,52290.69140625,154050900,0.0,0.0
165,2021-08-27,52492.12890625,52492.12890625,52188.921875,52425.640625,124318800,0.0,0.0
166,2021-08-30,52431.05078125,52680.5,52127.3203125,52602.0703125,107082500,0.0,0.0
167,2021-08-31,52631.328125,53375.890625,52618.46875,53304.73828125,329112800,0.0,0.0
168,2021-09-01,53400.26953125,53400.26953125,52131.19921875,52215.5390625,147255900,0.0,0.0
169,2021-09-02,52196.98046875,52261.41015625,51939.1484375,52087.46875,115079200,0.0,0.0
170,2021-09-03,52172.94140625,52205.94921875,51738.8515625,51835.08984375,97441400,0.0,0.0
171,2021-09-06,51829.94921875,52367.51953125,51769.53125,52283.109375,20470300,0.0,0.0
172,2021-09-07,52289.73046875,52289.80859375,51791.640625,51950.44921875,115536800,0.0,0.0
173,2021-09-08,51865.48046875,51865.48046875,51378.671875,51469.71875,131633000,0.0,0.0
174,2021-09-09,51461.26171875,51508.73046875,51193.671875,51395.05859375,132670200,0.0,0.0
175,2021-09-10,51511.19921875,51786.71875,51441.0,51521.80078125,100823300,0.0,0.0
176,2021-09-13,51556.828125,52047.3515625,51428.8203125,51496.7109375,108932900,0.0,0.0
177,2021-09-14,51507.76171875,51951.76171875,51297.19921875,51815.171875,166224100,0.0,0.0
178,2021-09-15,51793.578125,52238.5,51782.8984375,52192.328125,174574100,0.0,0.0
179,2021-09-17,52195.2109375,52195.2109375,51266.33984375,51307.7109375,598584300,0.0,0.0
180,2021-09-20,51264.30078125,51264.30078125,50402.921875,50557.6484375,150617700,0.0,0.0
181,2021-09-21,50687.4609375,50950.37890625,50491.2890625,50828.12890625,143968300,0.0,0.0
182,2021-09-22,50879.62890625,51577.55859375,50852.03125,51338.33984375,134806300,0.0,0.0
183,2021-09-23,51342.12890625,51590.69921875,51306.94140625,51464.26953125,180099100,0.0,0.0
184,2021-09-24,51378.921875,51426.33984375,51036.4609375,51105.7109375,111610200,0.0,0.0
185,2021-09-27,51124.421875,51690.94921875,51047.94140625,51598.53125,132819900,0.0,0.0
186,2021-09-28,51609.5390625,51616.9296875,50877.21875,50925.51953125,169423900,0.0,0.0
187,2021-09-29,50994.359375,51287.87890625,50782.30078125,51084.609375,199580000,0.0,0.0
188,2021-09-30,51189.91015625,51409.390625,50963.828125,51385.55078125,196392600,0.0,0.0
189,2021-10-01,51376.69140625,51387.25,50850.6484375,51060.05078125,128083100,0.0,0.0
190,2021-10-04,51066.23828125,51401.890625,50757.859375,50862.94140625,95816200,0.0,0.0
191,2021-10-05,50904.9609375,51078.8515625,50810.828125,51056.94140625,144501500,0.0,0.0
192,2021-10-06,50994.421875,51020.01171875,50558.16015625,50974.48828125,152504600,0.0,0.0
193,2021-10-07,51085.859375,51453.5390625,50838.96875,50876.98046875,217620300,0.0,0.0
194,2021-10-08,50899.33984375,51398.44921875,50852.6484375,51136.62109375,124815100,0.0,0.0
195,2021-10-11,51134.6015625,51801.46875,51134.6015625,51646.75,98687800,0.0,0.0
196,2021-10-12,51755.23046875,52068.859375,51690.48046875,51835.87890625,124395700,0.0,0.0
197,2021-10-13,51917.7109375,51991.0703125,51518.2109375,51812.87109375,179795700,0.0,0.0
198,2021-10-14,51929.75,52302.078125,51929.75,52140.23828125,169512300,0.0,0.0
199,2021-10-15,52240.94140625,52849.87890625,52240.94140625,52798.37890625,172591700,0.0,0.0
200,2021-10-18,52834.7109375,52942.26171875,52538.12109375,52686.03125,127994100,0.0,0.0
201,2021-10-19,52672.4609375,52733.609375,52242.73046875,52402.73046875,127364900,0.0,0.0
202,2021-10-20,52336.62890625,52688.21875,52234.78125,52298.19921875,130915600,0.0,0.0
203,2021-10-21,52236.1015625,52252.390625,51521.94140625,52020.05078125,170061400,0.0,0.0
204,2021-10-22,51970.578125,52250.55078125,51737.390625,51889.66015625,142807500,0.0,0.0
205,2021-10-25,51892.3203125,52144.96875,51655.9609375,51833.80078125,123948700,0.0,0.0
206,2021-10-26,52051.62890625,52244.71875,51885.62890625,52206.58984375,138935500,0.0,0.0
207,2021-10-27,52189.609375,52194.23046875,51648.859375,51714.6015625,118290800,0.0,0.0
208,2021-10-28,51762.0,51767.421875,51200.3984375,51248.83984375,151378500,0.0,0.0
209,2021-10-29,51193.83984375,51503.578125,50997.109375,51309.83984375,145758900,0.0,0.0
210,2021-11-01,51353.609375,51880.01953125,51353.609375,51653.26171875,91186600,0.0,0.0
211,2021-11-03,51648.83984375,51965.51953125,51503.12890625,51876.80859375,203221300,0.0,0.0
212,2021-11-04,51838.62890625,51967.41015625,51338.69140625,51873.4609375,182211500,0.0,0.0
213,2021-11-05,51907.26953125,52220.3984375,51779.23828125,51977.9609375,197701000,0.0,0.0
214,2021-11-08,52000.2109375,52577.328125,51979.51171875,52251.48828125,201344200,0.0,0.0
215,2021-11-09,52250.48828125,52340.0,51778.03125,52114.12109375,183571400,0.0,0.0
216,2021-11-10,52153.94140625,52171.25,51590.51953125,51704.3984375,127670700,0.0,0.0
217,2021-11-11,51767.80078125,51815.51171875,51514.87890625,51707.01171875,134926600,0.0,0.0
218,2021-11-12,51739.87890625,51937.37109375,51350.359375,51432.5390625,184078600,0.0,0.0
219,2021-11-16,51422.12890625,51585.640625,51000.91015625,51161.5,211551200,0.0,0.0
220,2021-11-17,51197.98046875,51210.83984375,50678.33984375,51045.1015625,134527900,0.0,0.0
221,2021-11-18,51134.91015625,51243.96875,50552.44921875,50831.94921875,162724400,0.0,0.0
222,2021-11-19,50724.2890625,50891.390625,50535.109375,50811.30078125,143936400,0.0,0.0
223,2021-11-22,50864.01171875,50945.890625,50407.28125,50497.078125,136095800,0.0,0.0
224,2021-11-23,50447.828125,51182.78125,50437.76953125,51116.3203125,150734000,0.0,0.0
225,2021-11-24,51157.05859375,51236.578125,50639.4296875,50848.03125,181050100,0.0,0.0
226,2021-11-25,50838.2109375,50887.87890625,50580.48828125,50625.0,52596300,0.0,0.0
227,2021-11-26,50480.5,50480.5,49064.671875,49492.51953125,170088800,0.0,0.0
228,2021-11-29,49520.30078125,49875.69140625,49268.76953125,49796.30078125,242967200,0.0,0.0
229,2021-11-30,49623.3984375,49873.859375,49116.94140625,49698.71875,840279400,0.0,0.0
230,2021-12-01,49879.76171875,50752.12109375,49869.01171875,50007.16015625,223344700,0.0,0.0
231,2021-12-02,50032.21875,50956.1484375,49900.80078125,50927.37890625,159026600,0.0,0.0
232,2021-12-03,50870.66015625,51413.05859375,50528.8984375,50597.2890625,181641200,0.0,0.0
233,2021-12-06,50590.859375,50842.3515625,50445.25,50605.55859375,125368500,0.0,0.0
234,2021-12-07,50690.1484375,51009.75,50501.19140625,50918.28125,181685300,0.0,0.0
235,2021-12-08,50929.26171875,51121.0,50722.390625,51056.26953125,143869000,0.0,0.0
236,2021-12-09,51060.8203125,51305.44140625,50785.19921875,51238.01953125,147693500,0.0,0.0
237,2021-12-10,51194.23046875,51240.19140625,50935.6484375,51213.48046875,121603300,0.0,0.0
238,2021-12-13,51214.609375,51218.96875,50327.078125,50419.171875,246013200,0.0,0.0
239,2021-12-14,50401.21875,51481.69921875,50291.01953125,51241.46875,238023800,0.0,0.0
240,2021-12-15,51141.390625,51291.03125,50728.98828125,51163.66015625,182077000,0.0,0.0
241,2021-12-16,51264.55859375,51899.87109375,51147.28125,51384.05859375,142780800,0.0,0.0
242,2021-12-17,51296.05859375,52477.828125,51227.19921875,52379.37109375,510546300,0.0,0.0
243,2021-12-20,52333.26171875,52333.26171875,51319.55078125,51623.859375,121895900,0.0,0.0
244,2021-12-21,51916.01953125,52188.41015625,51593.921875,52085.28125,144351900,0.0,0.0
245,2021-12-22,52146.01171875,52450.8515625,51956.98828125,52403.05078125,113832100,0.0,0.0
246,2021-12-23,52413.55859375,52872.73828125,52355.3515625,52650.91015625,96501500,0.0,0.0
247,2021-12-24,52615.28125,52901.71875,52548.58984375,52853.37890625,5240400,0.0,0.0
248,2021-12-27,52853.66015625,53309.51171875,52558.8515625,53259.55859375,60916800,0.0,0.0
249,2021-12-28,53201.69140625,53630.53125,53106.3984375,53238.48046875,84095500,0.0,0.0
250,2021-12-29,53223.76171875,53500.3203125,52668.33984375,52748.9296875,57322300,0.0,0.0
251,2021-12-30,52809.78125,53253.62109375,52752.73046875,53175.25,83757300,0.0,0.0
252,2021-12-31,53099.76953125,53387.21875,53011.0703125,53272.44140625,48616100,0.0,0.0
253,2022-01-03,53278.109375,53603.828125,52901.7109375,52941.01171875,56603700,0.0,0.0
254,2022-01-04,53073.078125,53334.0,52888.73046875,53016.78125,105053500,0.0,0.0
255,2022-01-05,52927.53125,53253.0703125,52909.7890625,53024.1484375,110514300,0.0,0.0
256,2022-01-06,52964.671875,53145.80859375,52768.80859375,53055.30859375,145921900,0.0,0.0
257,2022-01-07,53020.12890625,53244.91015625,52896.25,53202.109375,104193500,0.0,0.0
258,2022-01-10,53202.83984375,53301.94140625,52809.109375,52835.76171875,116966800,0.0,0.0
259,2022-01-11,52841.05078125,53121.46875,52740.3515625,53061.921875,167682100,0.0,0.0
260,2022-01-12,53068.12109375,53991.328125,53068.12109375,53951.140625,161608700,0.0,0.0
261,2022-01-13,53981.55078125,54102.48828125,53793.75,53930.44921875,172794800,0.0,0.0
262,2022-01-14,53824.76953125,53861.7109375,53476.91015625,53744.921875,135837800,0.0,0.0
263,2022-01-17,53742.37109375,54219.140625,53742.37109375,53973.26953125,34731100,0.0,0.0
264,2022-01-18,53985.4609375,53987.62890625,53187.4609375,53232.19921875,141857000,0.0,0.0
265,2022-01-19,53239.98828125,53402.44140625,52679.1796875,52823.23046875,159266300,0.0,0.0
266,2022-01-20,52826.23046875,53017.390625,52424.69921875,52508.3515625,144882400,0.0,0.0
267,2022-01-21,52432.0703125,52432.0703125,51386.6796875,51599.37890625,192929500,0.0,0.0
268,2022-01-24,51578.421875,51578.421875,49673.640625,50890.58984375,212713200,0.0,0.0
269,2022-01-25,50792.0,51285.48046875,50006.6484375,51104.390625,220721800,0.0,0.0
270,2022-01-26,51314.26953125,51507.87890625,50871.6796875,51037.05078125,199201500,0.0,0.0
271,2022-01-27,51208.23046875,51282.03125,50408.578125,50466.01953125,203835100,0.0,0.0
272,2022-01-28,50522.0,50919.37890625,50101.9296875,50661.859375,214808200,0.0,0.0
273,2022-01-31,50670.28125,51569.26171875,50631.62109375,51330.8515625,229565500,0.0,0.0
274,2022-02-01,51511.26953125,51856.28125,51290.7890625,51782.671875,138327000,0.0,0.0
275,2022-02-02,51849.76171875,52120.640625,51766.16015625,52023.26953125,98044700,0.0,0.0
276,2022-02-03,51846.44921875,51885.37109375,51099.890625,51145.109375,147091600,0.0,0.0
277,2022-02-04,51101.23046875,51436.94140625,50850.3203125,51255.30859375,122401900,0.0,0.0
278,2022-02-08,51281.26171875,52340.03125,51011.87109375,52294.578125,175285900,0.0,0.0
279,2022-02-09,52470.73828125,52816.7890625,52314.05078125,52761.91015625,178162400,0.0,0.0
280,2022-02-10,52679.94140625,52903.1484375,52371.9296875,52599.578125,256316700,0.0,0.0
281,2022-02-11,52512.05859375,53630.05078125,52468.03125,53229.26171875,188380600,0.0,0.0
282,2022-02-14,53232.26171875,53232.26171875,52161.671875,52334.73046875,218800100,0.0,0.0
283,2022-02-15,52430.3515625,53520.23046875,52410.2890625,53210.94140625,189081300,0.0,0.0
284,2022-02-16,53188.8984375,53901.91015625,53051.609375,53680.859375,171986900,0.0,0.0
285,2022-02-17,53613.5390625,53680.2890625,52606.9609375,52712.05859375,147050500,0.0,0.0
286,2022-02-18,52723.48828125,52828.51953125,52218.30859375,52281.53125,126987300,0.0,0.0
287,2022-02-21,52281.53125,52302.421875,51762.05078125,52025.1796875,39446100,0.0,0.0
288,2022-02-22,52075.828125,52664.37890625,51928.28125,52600.44921875,186724800,0.0,0.0
289,2022-02-23,52610.62890625,52610.62890625,51252.6484375,51362.94921875,259407900,0.0,0.0
290,2022-02-24,50727.9296875,51589.96875,50003.08984375,51454.05078125,240722300,0.0,0.0
291,2022-02-25,51488.578125,52600.05078125,51439.6484375,52555.6015625,201522500,0.0,0.0
292,2022-02-28,52528.7109375,53600.12109375,51990.91015625,53400.609375,951227400,0.0,0.0
293,2022-03-01,53403.890625,53855.4609375,52880.98046875,53168.8203125,182506700,0.0,0.0
294,2022-03-02,53292.94921875,53610.0703125,53059.01171875,53300.66015625,198225700,0.0,0.0
295,2022-03-03,53297.7890625,54095.6484375,53235.5703125,53528.01171875,216851700,0.0,0.0
296,2022-03-04,53450.5,53450.5,52691.76171875,53322.05078125,226441200,0.0,0.0
297,2022-03-07,53354.94140625,53354.94140625,51884.078125,52312.609375,239255300,0.0,0.0
298,2022-03-08,52393.4609375,53555.91015625,52096.01171875,53288.23046875,266746200,0.0,0.0
299,2022-03-09,53202.30078125,54000.03125,53202.30078125,53911.76171875,221895300,0.0,0.0
300,2022-03-10,53802.94921875,54019.4296875,53316.01953125,53387.62109375,189252400,0.0,0.0
301,2022-03-11,53514.8203125,53806.2109375,53181.6796875,53300.69921875,152584900,0.0,0.0
302,2022-03-14,53300.69921875,53300.69921875,52427.578125,52807.62109375,242372000,0.0,0.0
303,2022-03-15,52735.69140625,53121.390625,52437.05078125,53010.01171875,324397600,0.0,0.0
304,2022-03-16,52997.109375,53939.87890625,52997.109375,53411.87890625,239444000,0.0,0.0
305,2022-03-17,53456.48046875,54447.0390625,53277.421875,54364.51171875,186804900,0.0,0.0
306,2022-03-18,54413.91015625,55788.87109375,53815.4296875,55467.05859375,770890800,0.0,0.0
307,2022-03-22,55468.109375,55902.28125,55205.640625,55722.48046875,244986500,0.0,0.0
308,2022-03-23,55634.9609375,55712.8203125,55026.421875,55154.6796875,155675600,0.0,0.0
309,2022-03-24,55198.5390625,55907.48828125,54990.0703125,55829.859375,163274100,0.0,0.0
310,2022-03-25,55833.1484375,55850.828125,55004.37890625,55436.05078125,145206600,0.0,0.0
311,2022-03-28,55436.44921875,55779.73046875,55335.859375,55685.140625,122106400,0.0,0.0
312,2022-03-29,55590.46875,56276.390625,55517.3203125,56111.2109375,244298600,0.0,0.0
313,2022-03-30,56129.46875,56174.55859375,55526.96875,55814.98828125,214854100,0.0,0.0
314,2022-03-31,55811.3984375,56730.53125,55811.3984375,56536.6796875,226310800,0.0,0.0
315,2022-04-01,56530.55859375,57064.16015625,56274.78125,56609.5390625,184368800,0.0,0.0
316,2022-04-04,56610.03125,56783.6796875,56181.33984375,56313.2109375,102837400,0.0,0.0
317,2022-04-05,56218.23046875,56296.12109375,55395.01171875,55547.2890625,179414900,0.0,0.0
318,2022-04-06,55562.96875,55851.26171875,55323.0,55438.73046875,188733200,0.0,0.0
319,2022-04-07,55494.69921875,55646.2890625,55195.51171875,55280.58984375,241694700,0.0,0.0
320,2022-04-08,55338.640625,55350.05859375,54591.73046875,54687.25,117204900,0.0,0.0
321,2022-04-11,54678.05078125,54678.05078125,54279.6484375,54463.828125,115515000,0.0,0.0
322,2022-04-12,54624.30078125,54809.109375,53750.828125,53907.25,186074800,0.0,0.0
323,2022-04-13,53976.8203125,54414.12109375,53697.421875,54172.62109375,102401200,0.0,0.0
324,2022-04-18,54172.62109375,54582.7890625,54063.78125,54139.69140625,101327700,0.0,0.0
325,2022-04-19,54219.609375,54718.33984375,54175.48046875,54633.76171875,154399600,0.0,0.0
326,2022-04-20,54676.05859375,54695.19140625,53771.48828125,53831.0390625,185718700,0.0,0.0
327,2022-04-21,53997.671875,54329.3203125,53077.98828125,53267.30859375,154712000,0.0,0.0
328,2022-04-22,53258.3203125,53641.01171875,53027.19921875,53191.78125,143319000,0.0,0.0
329,2022-04-25,53183.12109375,53183.12109375,52509.44921875,52640.828125,183382500,0.0,0.0
330,2022-04-26,52699.1796875,52894.05078125,52324.66015625,52512.7109375,185412800,0.0,0.0
331,2022-04-27,52627.1796875,52807.08984375,52212.640625,52351.2109375,160228000,0.0,0.0
332,2022-04-28,52792.51953125,52793.87109375,51658.109375,52614.171875,231710500,0.0,0.0
333,2022-04-29,52502.5,52809.37890625,51315.0390625,51417.96875,214867600,0.0,0.0
334,2022-05-02,51426.26953125,51922.7109375,51125.71875,51887.46875,128409600,0.0,0.0
335,2022-05-03,51896.171875,51896.8515625,50954.98828125,51066.55859375,161134800,0.0,0.0
336,2022-05-04,51032.23828125,51565.6015625,50588.921875,51432.62890625,149755900,0.0,0.0
337,2022-05-05,51264.609375,51264.609375,50357.55078125,50529.94921875,202483000,0.0,0.0
338,2022-05-06,50435.609375,50435.609375,49451.28125,49541.80859375,163382400,0.0,0.0
339,2022-05-09,49419.01953125,49419.01953125,48669.2109375,49057.4609375,161518100,0.0,0.0
340,2022-05-10,49149.19140625,49435.5390625,49005.01171875,49115.859375,257006900,0.0,0.0
341,2022-05-11,49087.26171875,49618.3515625,49005.890625,49276.23046875,234792100,0.0,0.0
342,2022-05-12,49061.12109375,49732.05078125,48701.25,49309.3203125,249591800,0.0,0.0
343,2022-05-13,49486.109375,49726.51953125,49127.2890625,49579.8984375,212868300,0.0,0.0
344,2022-05-16,49604.94921875,50823.0390625,49472.51171875,50563.98046875,177674700,0.0,0.0
345,2022-05-17,50781.7890625,51634.19140625,50739.66015625,51464.03125,204554800,0.0,0.0
346,2022-05-18,51390.51953125,51390.51953125,49990.48828125,50394.03125,304797400,0.0,0.0
347,2022-05-19,50212.98046875,51590.328125,50050.4609375,51289.91015625,238825200,0.0,0.0
348,2022-05-20,51512.44921875,51868.44140625,51326.9296875,51518.30078125,202798600,0.0,0.0
349,2022-05-23,51621.71875,51989.01953125,51341.19140625,51376.890625,139723000,0.0,0.0
350,2022-05-24,51149.46875,51374.3984375,50866.1484375,51304.0390625,241737800,0.0,0.0
351,2022-05-25,51243.94921875,52082.46875,51216.98828125,51717.0703125,281231100,0.0,0.0
352,2022-05-26,52203.69140625,52295.3203125,52058.3203125,52143.0,183854400,0.0,0.0
353,2022-05-27,52154.25,52617.30859375,51871.921875,52463.55078125,172807100,0.0,0.0
354,2022-05-30,52438.7890625,52745.98046875,51922.46875,52162.078125,83107700,0.0,0.0
355,2022-05-31,52116.37109375,52290.1796875,51269.51953125,51752.53125,1347137000,0.0,0.0
356,2022-06-01,51739.87109375,51820.6796875,51309.58984375,51506.1484375,173881500,0.0,0.0
357,2022-06-02,51522.1796875,51545.51953125,50641.78125,50971.37890625,193382200,0.0,0.0
358,2022-06-03,50874.171875,50919.37890625,50482.8515625,50689.05078125,154569900,0.0,0.0
359,2022-06-06,50723.91015625,51029.28125,50014.671875,50060.53125,116109400,0.0,0.0
360,2022-06-07,49840.71875,50183.8203125,49409.73046875,50139.19921875,138432800,0.0,0.0
361,2022-06-08,50088.94140625,50192.359375,49629.03125,49819.30078125,165133200,0.0,0.0
362,2022-06-09,49854.73046875,50012.62109375,49229.80859375,49290.21875,154551700,0.0,0.0
363,2022-06-10,49147.19921875,49147.19921875,48398.78125,48471.51953125,137514100,0.0,0.0
364,2022-06-13,48408.19921875,48717.671875,47775.83984375,48445.30078125,251393900,0.0,0.0
365,2022-06-14,48557.46875,48677.109375,48083.16015625,48164.46875,191851500,0.0,0.0
366,2022-06-15,48388.1484375,48610.30078125,48137.6484375,48344.96875,175223100,0.0,0.0
367,2022-06-16,48202.44921875,48202.44921875,47323.359375,47558.51171875,212049600,0.0,0.0
368,2022-06-17,47682.91015625,48156.7109375,47488.30078125,48016.23046875,732174800,0.0,0.0
369,2022-06-20,47996.71875,48007.21875,47680.1484375,47780.71875,40474000,0.0,0.0
370,2022-06-21,47761.48046875,48321.171875,47732.421875,48104.37890625,131257800,0.0,0.0
371,2022-06-22,47878.140625,47878.140625,47076.26953125,47144.359375,146701200,0.0,0.0
372,2022-06-23,47175.6796875,47222.62109375,46547.2109375,46657.87890625,157675800,0.0,0.0
373,2022-06-24,46642.41015625,47852.91015625,46344.94140625,47741.5,175537000,0.0,0.0
374,2022-06-27,47781.3515625,48390.859375,47696.421875,48294.828125,124213200,0.0,0.0
375,2022-06-28,48363.7890625,48796.23046875,48049.8984375,48435.44921875,181975500,0.0,0.0
376,2022-06-29,48446.2890625,48532.6796875,47916.8515625,48061.609375,170560000,0.0,0.0
377,2022-06-30,47918.62890625,47918.62890625,47188.28125,47524.44921875,228806100,0.0,0.0
378,2022-07-01,47543.3515625,47910.6796875,47135.1796875,47743.1484375,94921000,0.0,0.0
379,2022-07-04,47740.3203125,48584.140625,47705.26953125,48036.37890625,39309500,0.0,0.0
380,2022-07-05,47987.58984375,47987.58984375,46940.921875,47503.21875,140760700,0.0,0.0
381,2022-07-06,47572.94140625,47778.94921875,47292.08984375,47722.2890625,139454100,0.0,0.0
382,2022-07-07,47828.33984375,48056.9296875,47311.98046875,47374.37890625,200398800,0.0,0.0
383,2022-07-08,47214.7109375,47624.08984375,46927.0703125,47582.109375,120673200,0.0,0.0
384,2022-07-11,47541.4609375,47572.58984375,47182.8984375,47369.890625,88214700,0.0,0.0
385,2022-07-12,47310.80078125,47800.359375,47310.80078125,47651.51953125,159926100,0.0,0.0
386,2022-07-13,47448.30859375,47706.140625,46882.1484375,47461.3515625,196275800,0.0,0.0
387,2022-07-14,47325.5390625,47357.109375,46581.3203125,46741.30859375,149203900,0.0,0.0
388,2022-07-15,46819.37890625,47121.12109375,46691.76171875,47075.87109375,83235300,0.0,0.0
389,2022-07-18,47198.01171875,47482.75,46855.2109375,46923.19921875,84307500,0.0,0.0
390,2022-07-19,47090.23046875,47511.1484375,46805.890625,47259.23046875,123132600,0.0,0.0
391,2022-07-20,47213.01953125,47348.421875,46964.390625,47132.48828125,109174900,0.0,0.0
392,2022-07-21,47223.1015625,47488.28125,46767.73828125,47416.37109375,118342500,0.0,0.0
393,2022-07-22,47477.69140625,47595.7890625,47165.37890625,47264.859375,110077800,0.0,0.0
394,2022-07-25,47254.55078125,47577.44140625,47154.21875,47202.640625,97196700,0.0,0.0
395,2022-07-26,47217.37890625,47265.859375,46485.578125,46674.30078125,146328800,0.0,0.0
396,2022-07-27,46794.69140625,46919.55859375,46164.26953125,46842.921875,171553400,0.0,0.0
397,2022-07-28,46846.390625,48174.26953125,46846.390625,48112.26953125,155700600,0.0,0.0
398,2022-07-29,48057.7890625,48338.8984375,48017.05859375,48144.328125,231038800,0.0,0.0
399,2022-08-01,48094.46875,48417.03125,47321.53125,47384.55859375,140579600,0.0,0.0
400,2022-08-02,47378.3515625,47429.0390625,46639.109375,46902.69140625,170767900,0.0,0.0
401,2022-08-03,46997.328125,47218.05078125,46742.94140625,46989.609375,177168600,0.0,0.0
402,2022-08-04,47063.01171875,47870.48046875,46528.0,46916.171875,183020000,0.0,0.0
403,2022-08-05,46688.19140625,47023.76171875,46283.75,46723.4296875,137289900,0.0,0.0
404,2022-08-08,46787.91015625,47422.37109375,46787.91015625,47354.859375,162831900,0.0,0.0
405,2022-08-09,47148.12890625,47349.44140625,47050.1796875,47241.80859375,141712900,0.0,0.0
406,2022-08-10,47349.5703125,48311.921875,47349.5703125,47808.2109375,182307700,0.0,0.0
407,2022-08-11,47876.66015625,48536.66015625,47691.078125,48460.55078125,203934500,0.0,0.0
408,2022-08-12,48546.98828125,48909.171875,48429.69140625,48853.37109375,119225000,0.0,0.0
409,2022-08-15,48770.30859375,48896.1015625,48595.12890625,48638.359375,92224300,0.0,0.0
410,2022-08-16,48624.94921875,48944.48828125,48537.37890625,48801.6796875,156297900,0.0,0.0
411,2022-08-17,48786.30078125,48828.890625,48406.44140625,48734.0390625,128935100,0.0,0.0
412,2022-08-18,48796.890625,48796.890625,48270.23046875,48729.80078125,104554100,0.0,0.0
413,2022-08-19,48677.98046875,48698.03125,48386.4296875,48463.26171875,92410900,0.0,0.0
414,2022-08-22,48366.140625,48464.21875,47842.62109375,48016.609375,123130500,0.0,0.0
415,2022-08-23,48062.0703125,48180.98046875,47738.859375,47974.03125,135145100,0.0,0.0
416,2022-08-24,47936.37890625,48133.71875,47393.078125,47449.73046875,109536100,0.0,0.0
417,2022-08-25,47449.6796875,47830.58984375,47320.51171875,47724.23828125,109286200,0.0,0.0
418,2022-08-26,47711.01953125,47754.3203125,46992.75,47272.109375,87461400,0.0,0.0
419,2022-08-29,47105.8984375,47105.8984375,46247.28125,46322.1015625,137708400,0.0,0.0
420,2022-08-30,46336.96875,46398.46875,45671.2109375,45922.05078125,121982300,0.0,0.0
421,2022-08-31,45909.890625,46055.171875,44844.1796875,44919.21875,508029500,0.0,0.0
422,2022-09-01,44851.23046875,45701.46875,44518.73046875,45383.8515625,176982700,0.0,0.0
423,2022-09-02,45811.16015625,46166.5390625,45543.7890625,45888.62890625,135191700,0.0,0.0
424,2022-09-05,45905.859375,46087.30859375,45535.62890625,46026.078125,19206900,0.0,0.0
425,2022-09-06,46084.83984375,46196.98828125,45645.76171875,45902.890625,133687400,0.0,0.0
426,2022-09-07,45870.98046875,46169.4609375,45482.76953125,46056.96875,153894000,0.0,0.0
427,2022-09-08,46170.0703125,46381.12109375,45834.3515625,46283.33984375,127710900,0.0,0.0
428,2022-09-09,46435.3984375,47072.98828125,46412.05078125,47042.94140625,97818900,0.0,0.0
429,2022-09-12,47168.109375,47944.6015625,47124.62109375,47860.48046875,117725700,0.0,0.0
430,2022-09-13,47671.98828125,47826.640625,46981.96875,47039.73828125,180099200,0.0,0.0
431,2022-09-14,47063.0703125,47236.421875,46709.578125,46745.1484375,167995700,0.0,0.0
432,2022-09-15,46742.109375,47027.5,46545.12890625,46769.78125,784062000,0.0,0.0
433,2022-09-19,46712.12890625,46863.53125,46098.859375,46793.58984375,201318000,0.0,0.0
434,2022-09-20,46983.03125,47284.140625,46613.25,47068.53125,220064400,0.0,0.0
435,2022-09-21,47111.328125,47432.51953125,46906.30859375,46992.51171875,198285100,0.0,0.0
436,2022-09-22,46957.62890625,46957.62890625,46154.87109375,46324.921875,139049400,0.0,0.0
437,2022-09-23,46149.08984375,46151.671875,45069.01953125,45395.94140625,150708000,0.0,0.0
438,2022-09-26,45410.859375,45514.5,44740.05078125,44808.55859375,123142600,0.0,0.0
439,2022-09-27,44886.44921875,45309.87109375,44811.6484375,45006.109375,130316900,0.0,0.0
440,2022-09-28,45045.0390625,45826.94921875,44841.51171875,45442.2109375,197478500,0.0,0.0
441,2022-09-29,45293.8984375,45626.6015625,44764.26953125,45102.55078125,154766900,0.0,0.0
442,2022-09-30,45094.6796875,45300.2890625,44558.80859375,44626.80078125,200732700,0.0,0.0
443,2022-10-03,44779.19921875,45501.0,44686.640625,45429.75,197701400,0.0,0.0
444,2022-10-04,45644.03125,46139.1796875,45553.2890625,46046.578125,178324500,0.0,0.0
445,2022-10-05,45957.37109375,45957.37109375,45553.55859375,45845.828125,163777800,0.0,0.0
446,2022-10-06,45853.6796875,46654.91015625,45787.3203125,46326.6796875,185451400,0.0,0.0
447,2022-10-07,46176.51953125,46176.51953125,45630.0703125,45728.87109375,152493900,0.0,0.0
448,2022-10-10,45688.1484375,46077.08984375,45388.6015625,45457.12109375,98822100,0.0,0.0
449,2022-10-11,45418.55859375,46245.01953125,45026.4296875,45792.98828125,177457300,0.0,0.0
450,2022-10-12,45759.2890625,46114.28125,45501.73046875,45679.83984375,182445600,0.0,0.0
451,2022-10-13,45467.4296875,46074.3984375,45040.421875,45766.94140625,211616800,0.0,0.0
452,2022-10-14,45859.01171875,46062.58984375,45380.1796875,45443.3515625,161594500,0.0,0.0
453,2022-10-17,45633.30078125,46437.80078125,45616.0,46220.71875,182073800,0.0,0.0
454,2022-10-18,46395.19921875,46699.4609375,46116.390625,46309.23046875,218525800,0.0,0.0
455,2022-10-19,46306.3203125,46439.01171875,46010.76171875,46217.44140625,180149200,0.0,0.0
456,2022-10-20,46299.80859375,46517.33984375,45914.578125,46315.41015625,300035500,0.0,0.0
457,2022-10-21,46351.0390625,47172.328125,46306.7109375,47120.078125,185022300,0.0,0.0
458,2022-10-24,47088.171875,47967.140625,47065.421875,47765.23828125,187700900,0.0,0.0
459,2022-10-25,47707.6015625,48682.05859375,47558.73046875,48641.26953125,257303800,0.0,0.0
460,2022-10-26,48596.48046875,49408.26953125,48501.55078125,49327.109375,309657400,0.0,0.0
461,2022-10-27,49293.76953125,49361.578125,48805.41015625,48892.55859375,228084700,0.0,0.0
462,2022-10-28,48896.359375,49131.390625,48482.8984375,49086.30078125,130269800,0.0,0.0
463,2022-10-31,49110.671875,49990.94140625,48873.171875,49922.30078125,188740200,0.0,0.0
464,2022-11-01,50004.421875,50905.671875,50004.421875,50864.8515625,184332800,0.0,0.0
465,2022-11-03,50653.87109375,50653.87109375,49431.48046875,50215.87109375,256662200,0.0,0.0
466,2022-11-04,50565.16015625,51319.87890625,50530.19921875,51173.75,145797800,0.0,0.0
467,2022-11-07,51166.859375,51547.48046875,50540.03125,50760.171875,174276800,0.0,0.0
468,2022-11-08,50773.9609375,51093.05078125,50510.83984375,50888.46875,198409900,0.0,0.0
469,2022-11-09,50822.640625,51232.91015625,50333.12109375,50545.76171875,180419300,0.0,0.0
470,2022-11-10,50953.171875,51541.62890625,50839.37109375,51031.7109375,173193500,0.0,0.0
471,2022-11-11,51086.48046875,52126.8984375,51086.48046875,51959.19921875,194494200,0.0,0.0
472,2022-11-14,51915.62890625,52016.44140625,51565.3515625,51785.12890625,187694100,0.0,0.0
473,2022-11-15,51985.33984375,52457.140625,51369.30859375,51655.6796875,151830700,0.0,0.0
474,2022-11-16,51526.390625,51710.640625,51362.578125,51544.94140625,174857500,0.0,0.0
475,2022-11-17,51377.05078125,51559.41015625,51057.37890625,51360.87109375,145243200,0.0,0.0
476,2022-11-18,51468.578125,52040.03125,51326.890625,51569.71875,266751800,0.0,0.0
477,2022-11-22,51614.16015625,52371.01953125,51579.28125,51760.5390625,221256400,0.0,0.0
478,2022-11-23,51710.01953125,52258.73046875,51710.01953125,51993.94921875,161114500,0.0,0.0
479,2022-11-24,51990.609375,52245.078125,51714.1796875,51979.01171875,28413500,0.0,0.0
480,2022-11-25,51968.3203125,51968.3203125,51289.91015625,51668.640625,74038400,0.0,0.0
481,2022-11-28,51619.80859375,52120.23046875,51030.8984375,51081.328125,132152000,0.0,0.0
482,2022-11-29,51044.4296875,51237.91015625,50111.48828125,50174.05859375,164540000,0.0,0.0
483,2022-11-30,50200.9296875,51800.359375,50125.80859375,51684.859375,741512300,0.0,0.0
484,2022-12-01,51649.6015625,51811.171875,51027.578125,51457.55078125,185457400,0.0,0.0
485,2022-12-02,51407.9609375,51647.8515625,51030.4296875,51234.37109375,153348400,0.0,0.0
486,2022-12-05,51197.73046875,51298.01171875,50715.01171875,50799.4609375,105068700,0.0,0.0
487,2022-12-06,50683.1015625,51481.80859375,50494.62890625,51020.6484375,149912000,0.0,0.0
488,2022-12-07,51044.03125,51311.3984375,50645.19140625,50725.9609375,141194800,0.0,0.0
489,2022-12-08,50721.5,51298.859375,50721.5,51078.69921875,123034000,0.0,0.0
490,2022-12-09,51170.62109375,51170.890625,50423.73828125,50466.25,121540600,0.0,0.0
491,2022-12-13,50638.8203125,51084.44140625,50240.44921875,50333.1015625,284653100,0.0,0.0
492,2022-12-14,50430.94140625,50452.640625,49781.71875,50047.69921875,170810200,0.0,0.0
493,2022-12-15,49972.94921875,49976.48828125,49281.23046875,49342.33984375,278214000,0.0,0.0
494,2022-12-16,49361.51171875,49686.7890625,49113.7109375,49630.1484375,377277200,0.0,0.0
495,2022-12-19,49694.69140625,50058.30078125,49534.6484375,49946.1015625,96795700,0.0,0.0
496,2022-12-20,49978.44921875,50406.5703125,49978.44921875,50139.421875,101775700,0.0,0.0
497,2022-12-21,50182.328125,50791.37890625,50034.8515625,50426.26171875,96007300,0.0,0.0
498,2022-12-22,50455.890625,50518.0,49648.109375,50097.21875,84251200,0.0,0.0
499,2022-12-23,50052.48046875,50759.66015625,49864.6484375,50578.08984375,74942400,0.0,0.0
500,2022-12-26,50530.62890625,50712.390625,50211.37109375,50273.890625,11411000,0.0,0.0
501,2022-12-27,50305.69921875,50838.6484375,50277.12109375,50440.01953125,54768700,0.0,0.0
502,2022-12-28,50432.78125,50491.08984375,49605.37890625,49648.2109375,73263800,0.0,0.0
503,2022-12-29,49708.671875,50209.7890625,49461.51953125,49517.859375,63993800,0.0,0.0
504,2022-12-30,49524.328125,49619.33984375,48383.19921875,48463.859375,119821400,0.0,0.0
505,2023-01-02,48506.0390625,49136.94140625,48478.94140625,48993.23828125,10617600,0.0,0.0
506,2023-01-03,48970.55078125,49180.19140625,48881.98828125,49050.4609375,64955500,0.0,0.0
507,2023-01-04,49013.30859375,50388.609375,48966.12109375,50161.26953125,113054700,0.0,0.0
508,2023-01-05,50150.76953125,50971.66015625,50077.71875,50805.2109375,139834800,0.0,0.0
509,2023-01-06,50800.83984375,52004.828125,50618.30859375,51730.5,109031000,0.0,0.0
510,2023-01-09,51770.1015625,52460.48046875,51744.83984375,52280.05078125,126915200,0.0,0.0
511,2023-01-10,52297.7109375,52564.109375,52180.8515625,52344.01953125,131270700,0.0,0.0
512,2023-01-11,52348.44921875,53508.75,52348.44921875,53209.0,155651700,0.0,0.0
513,2023-01-12,53228.44921875,53859.0,53215.51171875,53593.859375,173800900,0.0,0.0
514,2023-01-13,53564.9296875,53903.8984375,53371.6484375,53576.71875,128172400,0.0,0.0
515,2023-01-16,53591.87890625,53720.859375,53336.33984375,53631.890625,46998100,0.0,0.0
516,2023-01-17,53580.0,53580.0,52936.91015625,53128.96875,132114900,0.0,0.0
517,2023-01-18,53256.25,53590.4296875,53150.78125,53218.828125,133000900,0.0,0.0
518,2023-01-19,53215.41015625,53783.609375,53070.78125,53382.6484375,154775500,0.0,0.0
519,2023-01-20,53430.2109375,54112.359375,53201.6796875,53947.0390625,121184400,0.0,0.0
520,2023-01-23,53965.28125,54810.94921875,53943.0,54341.25,115614600,0.0,0.0
521,2023-01-24,54392.66015625,55071.578125,54392.66015625,54870.5,142789100,0.0,0.0
522,2023-01-25,54878.5,54972.1796875,54474.62890625,54871.359375,148445100,0.0,0.0
523,2023-01-26,54885.71875,55309.62109375,54866.19921875,55164.01171875,131941600,0.0,0.0
524,2023-01-27,55188.8515625,55309.96875,54650.609375,54774.91015625,142811800,0.0,0.0
525,2023-01-30,54767.41015625,54795.91015625,54400.7890625,54521.4296875,121761800,0.0,0.0
526,2023-01-31,54480.51953125,54683.828125,54244.71875,54564.26953125,248463200,0.0,0.0
527,2023-02-01,54555.91015625,55072.23046875,54410.37109375,55018.91015625,148364300,0.0,0.0
528,2023-02-02,55040.19140625,55173.578125,53733.69921875,53874.91015625,160007000,0.0,0.0
529,2023-02-03,53833.73046875,54186.1015625,53737.609375,54049.05078125,183416400,0.0,0.0
530,2023-02-07,54001.55859375,54079.48828125,53238.140625,53335.51171875,195440800,0.0,0.0
531,2023-02-08,53276.7890625,53566.6484375,52578.03125,53125.01171875,165032900,0.0,0.0
532,2023-02-09,53229.6015625,53460.8984375,52684.640625,52801.4296875,134110600,0.0,0.0
533,2023-02-10,52850.48828125,52880.671875,52141.140625,52482.01953125,156046900,0.0,0.0
534,2023-02-13,52476.2890625,53286.83984375,52473.6796875,53050.828125,145585400,0.0,0.0
535,2023-02-14,53225.19921875,53395.80078125,52466.078125,52663.12109375,226066600,0.0,0.0
536,2023-02-15,52577.8984375,53486.51171875,52463.890625,53422.23828125,202987100,0.0,0.0
537,2023-02-16,53536.62890625,54143.609375,53327.0390625,54015.8203125,159906900,0.0,0.0
538,2023-02-17,53927.03125,53993.51171875,53483.73828125,53789.640625,151560000,0.0,0.0
539,2023-02-20,53832.19140625,54006.76953125,53823.33984375,53908.55078125,22508100,0.0,0.0
540,2023-02-21,53882.390625,54087.19140625,52960.3203125,53239.94921875,175824900,0.0,0.0
541,2023-02-22,53266.9296875,53448.44140625,52820.5,53180.98828125,187947000,0.0,0.0
542,2023-02-23,53274.140625,53345.58984375,52789.078125,53085.7109375,184956000,0.0,0.0
543,2023-02-24,53055.6796875,53055.6796875,52420.640625,52686.23828125,141885800,0.0,0.0
544,2023-02-27,52739.421875,53195.55859375,52599.359375,53013.62109375,129313000,0.0,0.0
545,2023-02-28,52964.671875,53048.08984375,52495.859375,52758.05859375,557285900,0.0,0.0
546,2023-03-01,52720.3984375,53717.140625,52658.55859375,53473.4609375,160010700,0.0,0.0
547,2023-03-02,53503.58984375,53583.4296875,53014.73828125,53329.53125,168720500,0.0,0.0
548,2023-03-03,53381.21875,54409.37109375,53347.6015625,54182.26953125,179820700,0.0,0.0
549,2023-03-06,54146.1015625,54326.109375,53889.69140625,53924.19140625,133175400,0.0,0.0
550,2023-03-07,53892.01953125,53902.62109375,53006.44140625,53068.73046875,191127900,0.0,0.0
551,2023-03-08,53099.640625,53440.5,53067.3984375,53388.66015625,128080500,0.0,0.0
552,2023-03-09,53390.05078125,53740.890625,53287.5,53426.76953125,185544000,0.0,0.0
553,2023-03-10,53478.1796875,53507.140625,52716.9609375,52794.53125,159728500,0.0,0.0
554,2023-03-13,52788.2890625,53615.078125,52227.171875,53012.25,185734500,0.0,0.0
555,2023-03-14,53065.6796875,53486.7109375,52644.23828125,52691.66015625,176792200,0.0,0.0
556,2023-03-15,52547.3203125,52689.3984375,51860.328125,52085.6015625,158520400,0.0,0.0
557,2023-03-16,52156.19140625,52876.44140625,52113.640625,52505.69921875,152652700,0.0,0.0
558,2023-03-17,52505.609375,52656.41015625,51814.6796875,51925.609375,786817800,0.0,0.0
559,2023-03-21,52282.98046875,52786.6796875,52131.37890625,52652.6484375,156817200,0.0,0.0
560,2023-03-22,52670.640625,53019.2109375,52485.37109375,52550.3984375,174005300,0.0,0.0
561,2023-03-23,52589.98046875,53089.109375,52556.1796875,52827.9296875,148945100,0.0,0.0
562,2023-03-24,52691.03125,52938.25,52415.19140625,52771.12109375,144755400,0.0,0.0
563,2023-03-27,52792.75,53080.5390625,52740.78125,52851.421875,154251700,0.0,0.0
564,2023-03-28,52894.390625,53705.37890625,52807.48046875,53209.1015625,168610900,0.0,0.0
565,2023-03-29,53259.37890625,53942.94921875,53202.53125,53882.94921875,179199200,0.0,0.0
566,2023-03-30,53878.23828125,54468.5703125,53874.98046875,54198.94140625,186356800,0.0,0.0
567,2023-03-31,54233.25,54604.0703125,53828.55859375,53904.0,242075000,0.0,0.0
568,2023-04-03,54037.671875,54040.48046875,53611.26953125,53896.3515625,84719200,0.0,0.0
569,2023-04-04,53913.1015625,54532.078125,53810.9296875,54176.01171875,97863900,0.0,0.0
570,2023-04-05,54171.16015625,54230.66015625,53308.0703125,53498.390625,73152200,0.0,0.0
571,2023-04-10,53473.7109375,54310.078125,53446.671875,54246.53125,0,0.0,0.0
572,2023-04-11,53964.23828125,54775.80859375,53964.23828125,54604.62890625,162207200,0.0,0.0
573,2023-04-12,54527.03125,54815.91015625,54072.69140625,54333.12109375,152655400,0.0,0.0
574,2023-04-13,54359.30859375,54908.53125,54336.30859375,54695.78125,220218800,0.0,0.0
575,2023-04-14,54748.53125,54862.5390625,54200.3203125,54460.05859375,170784200,0.0,0.0
576,2023-04-17,54444.6796875,54858.73046875,54406.08984375,54778.9296875,199028600,0.0,0.0
577,2023-04-18,54747.58984375,54924.75,54293.76171875,54385.51953125,153784700,0.0,0.0
578,2023-04-19,54300.9609375,54637.41015625,54155.4609375,54308.08984375,191532900,0.0,0.0
579,2023-04-20,54311.0,54674.48046875,54227.30859375,54293.7109375,138852000,0.0,0.0
580,2023-04-21,54451.7109375,54468.609375,53662.91015625,54175.28125,172005600,0.0,0.0
581,2023-04-24,54203.80078125,54745.578125,54089.328125,54713.69921875,136716300,0.0,0.0
582,2023-04-25,54569.69140625,54734.12890625,54301.75,54371.08984375,134099200,0.0,0.0
583,2023-04-26,54356.359375,54633.96875,53902.05078125,54023.3203125,196553700,0.0,0.0
584,2023-04-27,54079.5390625,54501.26171875,54020.609375,54442.171875,159097300,0.0,0.0
585,2023-04-28,54453.5390625,55178.62109375,54436.51953125,55121.21875,241583200,0.0,0.0
586,2023-05-02,55059.26171875,55229.37890625,54689.359375,55179.4296875,248185000,0.0,0.0
587,2023-05-03,55216.12890625,55323.6484375,54919.7890625,54947.01171875,172724800,0.0,0.0
588,2023-05-04,54971.4296875,55264.6015625,54593.05859375,54667.2109375,158878300,0.0,0.0
589,2023-05-05,54747.83984375,55047.8515625,54699.58984375,54937.390625,206689500,0.0,0.0
590,2023-05-08,54989.640625,55265.3984375,54843.21875,55033.12109375,140876800,0.0,0.0
591,2023-05-09,54959.828125,55497.828125,54899.359375,55452.73046875,170680700,0.0,0.0
592,2023-05-10,55378.41015625,55626.51171875,55303.83984375,55534.6796875,187111800,0.0,0.0
593,2023-05-11,55472.2109375,55518.7890625,54852.2890625,55014.16015625,195598400,0.0,0.0
594,2023-05-12,55009.359375,55290.41015625,54724.1796875,54948.33984375,165219800,0.0,0.0
595,2023-05-15,54993.48046875,55375.921875,54890.62890625,55261.421875,174056800,0.0,0.0
596,2023-05-16,55246.171875,55589.71875,55136.1015625,55180.96875,183963200,0.0,0.0
597,2023-05-17,55309.01953125,55441.671875,55005.05859375,55067.37109375,172672200,0.0,0.0
598,2023-05-18,55107.640625,55290.7109375,54961.921875,55263.109375,175582500,0.0,0.0
599,2023-05-19,55197.55078125,55534.3203125,54244.7890625,54296.05078125,168179000,0.0,0.0
600,2023-05-22,54305.6796875,54746.26171875,53352.359375,53466.3203125,182836400,0.0,0.0
601,2023-05-23,53463.421875,53722.75,52997.3203125,53123.21875,183641600,0.0,0.0
602,2023-05-24,53483.1484375,53609.37890625,53146.140625,53393.3984375,212096500,0.0,0.0
603,2023-05-25,53356.76171875,53883.37890625,53159.359375,53744.6796875,214652400,0.0,0.0
604,2023-05-26,53801.53125,54233.5703125,53288.1484375,54025.44921875,202093800,0.0,0.0
605,2023-05-29,54002.6484375,54347.8515625,53911.5703125,54212.671875,156707500,0.0,0.0
606,2023-05-30,54232.2890625,54232.2890625,53105.30859375,53341.8515625,530814200,0.0,0.0
607,2023-05-31,53268.58984375,53499.69921875,52575.140625,52736.26171875,1385522200,0.0,0.0
608,2023-06-01,52803.578125,53134.859375,52687.4296875,52724.03125,236517300,0.0,0.0
609,2023-06-02,52791.890625,53401.26171875,52777.4296875,53232.7109375,223672700,0.0,0.0
610,2023-06-05,53262.26953125,53649.578125,53238.62890625,53536.05078125,137805700,0.0,0.0
611,2023-06-06,53596.44921875,54486.19140625,53578.23046875,54432.19140625,247761200,0.0,0.0
612,2023-06-07,54487.19921875,54712.08984375,54248.5,54291.44140625,261542000,0.0,0.0
613,2023-06-08,54064.0,54407.890625,53851.73828125,54338.1796875,226338000,0.0,0.0
614,2023-06-09,54331.640625,54796.94140625,54295.53125,54512.140625,211648900,0.0,0.0
615,2023-06-12,54475.19140625,54547.87890625,54187.0703125,54278.12109375,140883900,0.0,0.0
616,2023-06-13,54347.28125,54611.9609375,54149.8984375,54574.75,194688500,0.0,0.0
617,2023-06-14,54629.328125,55182.30859375,54557.171875,55145.4296875,316957900,0.0,0.0
618,2023-06-15,55130.41015625,55407.71875,54977.078125,55344.25,213576400,0.0,0.0
619,2023-06-16,55172.6484375,55337.69140625,54783.25,54842.51171875,642615800,0.0,0.0
620,2023-06-19,54953.8203125,55074.7890625,54887.328125,54931.05859375,29019400,0.0,0.0
621,2023-06-20,54965.8984375,54975.87890625,54286.62890625,54365.6796875,233328700,0.0,0.0
622,2023-06-21,54334.171875,54353.0,53810.8515625,54063.91015625,174711000,0.0,0.0
623,2023-06-22,53998.80859375,54031.83984375,53438.8515625,53563.30859375,143284400,0.0,0.0
624,2023-06-23,53690.05859375,53690.359375,53127.21875,53341.91015625,136728100,0.0,0.0
625,2023-06-26,53354.2890625,53506.078125,53262.75,53335.73828125,160594700,0.0,0.0
626,2023-06-27,53295.62109375,54008.03125,53212.73046875,53926.91015625,206317300,0.0,0.0
627,2023-06-28,53914.171875,53991.3515625,53293.2109375,53460.05859375,186447500,0.0,0.0
628,2023-06-29,53411.7109375,53733.8515625,53370.8984375,53585.21875,157071300,0.0,0.0
629,2023-06-30,53667.96875,53778.98828125,53344.76953125,53526.1015625,222472200,0.0,0.0
630,2023-07-03,53536.94140625,54476.66015625,53483.69140625,54399.1015625,88059600,0.0,0.0
631,2023-07-04,54408.078125,54501.578125,53863.859375,53930.859375,23253000,0.0,0.0
632,2023-07-05,53945.5,54099.859375,53710.390625,54039.66015625,183541100,0.0,0.0
633,2023-07-06,54053.8203125,54053.8203125,53117.58984375,53407.69921875,213520400,0.0,0.0
634,2023-07-07,53409.3203125,54128.640625,53266.69140625,53904.2890625,168034000,0.0,0.0
635,2023-07-10,53991.75,53991.75,53562.23828125,53655.3515625,133520600,0.0,0.0
636,2023-07-11,53636.9609375,54189.51171875,53339.37890625,54138.140625,173358400,0.0,0.0
637,2023-07-12,54168.171875,54222.80078125,53855.41015625,53956.7109375,237858800,0.0,0.0
638,2023-07-13,54036.03125,54605.5,53972.94921875,54244.01171875,190638300,0.0,0.0
639,2023-07-14,54264.91015625,54264.91015625,53704.55078125,53770.80078125,152709100,0.0,0.0
640,2023-07-17,53652.12109375,53934.890625,53409.859375,53623.26953125,98350000,0.0,0.0
641,2023-07-18,53641.75,54183.3515625,53479.44140625,54036.26953125,166021400,0.0,0.0
642,2023-07-19,54060.44140625,54333.01953125,53681.91015625,53740.16015625,206091900,0.0,0.0
643,2023-07-20,53654.671875,53793.30078125,53436.1015625,53561.37109375,127340300,0.0,0.0
644,2023-07-21,53336.23828125,53782.71875,53336.23828125,53702.16015625,138248100,0.0,0.0
645,2023-07-24,53701.4609375,53724.1015625,53329.96875,53518.91015625,247229800,0.0,0.0
646,2023-07-25,53599.23046875,54097.23828125,53570.03125,54013.578125,296826400,0.0,0.0
647,2023-07-26,54077.37109375,54544.1484375,53750.01953125,54502.08984375,217661200,0.0,0.0
648,2023-07-27,54576.890625,54895.25,54324.71875,54753.390625,269781500,0.0,0.0
649,2023-07-28,54707.078125,55169.48828125,54593.16015625,54945.26953125,200942200,0.0,0.0
650,2023-07-31,54998.421875,55244.8203125,54717.55078125,54819.05078125,202298400,0.0,0.0
651,2023-08-01,54791.48046875,54901.8984375,54154.7890625,54210.62109375,185015800,0.0,0.0
652,2023-08-02,54185.828125,54185.828125,53206.26953125,53283.55859375,223695000,0.0,0.0
653,2023-08-03,53245.8203125,53543.390625,53019.21875,53445.08984375,231549400,0.0,0.0
654,2023-08-04,53492.30859375,54056.80859375,53397.171875,53991.421875,178687600,0.0,0.0
655,2023-08-07,54014.73828125,54151.28125,53761.7109375,54032.828125,202503600,0.0,0.0
656,2023-08-08,53914.19140625,54063.140625,53341.71875,53663.01953125,219128700,0.0,0.0
657,2023-08-09,53685.5390625,54251.76171875,53633.73828125,54220.73828125,271649000,0.0,0.0
658,2023-08-10,54212.7890625,54435.4296875,53709.078125,53889.03125,179073400,0.0,0.0
659,2023-08-11,53888.62109375,53938.08984375,53171.01953125,53242.16015625,293772900,0.0,0.0
660,2023-08-14,53244.421875,53474.69921875,52818.87890625,53291.44140625,231353200,0.0,0.0
661,2023-08-15,53222.1484375,53732.41015625,53116.6015625,53585.0703125,236881000,0.0,0.0
662,2023-08-16,53520.421875,53953.3515625,53488.8515625,53827.7109375,334271000,0.0,0.0
663,2023-08-17,53891.71875,53968.9609375,53173.109375,53201.44140625,290456200,0.0,0.0
664,2023-08-18,53134.69140625,53291.80859375,52610.140625,53194.390625,160170800,0.0,0.0
665,2023-08-21,53286.2109375,53302.69140625,52681.109375,53109.76171875,186731100,0.0,0.0
666,2023-08-22,53163.62109375,53205.41015625,52935.421875,53127.9296875,208217800,0.0,0.0
667,2023-08-23,53136.6015625,53784.2890625,53099.3515625,53635.33984375,217799800,0.0,0.0
668,2023-08-24,53617.671875,53700.37890625,52881.71875,53109.828125,218952200,0.0,0.0
669,2023-08-25,52995.6484375,53472.76953125,52881.6796875,53191.53125,185115900,0.0,0.0
670,2023-08-28,53193.8515625,53773.5,53193.8515625,53442.640625,169203400,0.0,0.0
671,2023-08-29,53472.62890625,54324.80078125,53342.19921875,54261.328125,217468200,0.0,0.0
672,2023-08-30,54262.8203125,54604.19140625,54158.9296875,54390.73828125,310295900,0.0,0.0
673,2023-08-31,54375.83984375,54375.83984375,52875.80078125,53020.98046875,2341620200,0.0,0.0
674,2023-09-01,53233.1484375,53661.62109375,53011.171875,53145.359375,129619300,0.0,0.0
675,2023-09-04,53161.609375,53317.3984375,52984.1796875,53030.51953125,48500000,0.0,0.0
676,2023-09-05,53057.609375,53227.80859375,52816.9296875,52932.5,212425500,0.0,0.0
677,2023-09-06,52930.2109375,53112.3515625,52710.3203125,52971.19140625,220562100,0.0,0.0
678,2023-09-07,53100.46875,53100.46875,52454.44921875,52482.96875,169522600,0.0,0.0
679,2023-09-08,52442.41015625,52604.76171875,52211.01953125,52505.109375,204695700,0.0,0.0
680,2023-09-11,52549.578125,52748.51171875,52236.25,52267.48828125,166610600,0.0,0.0
681,2023-09-12,52227.05859375,52310.12890625,51814.23828125,51860.44921875,220832600,0.0,0.0
682,2023-09-13,51832.62890625,51867.30078125,51349.55859375,51522.1796875,267093600,0.0,0.0
683,2023-09-14,51519.91015625,51873.23828125,51519.37890625,51755.6796875,205584200,0.0,0.0
684,2023-09-15,51737.62109375,51737.62109375,51108.08984375,51351.6015625,998189100,0.0,0.0
685,2023-09-18,51452.58984375,51729.7109375,50961.140625,51685.30859375,150526800,0.0,0.0
686,2023-09-19,51692.23828125,52327.87890625,51507.8515625,52219.76171875,210624500,0.0,0.0
687,2023-09-20,52226.76953125,52904.0703125,52123.48828125,52507.23046875,233178000,0.0,0.0
688,2023-09-21,52429.37890625,52429.37890625,51886.19140625,51954.01171875,194911500,0.0,0.0
689,2023-09-22,51946.171875,52036.28125,51637.44921875,51677.48046875,172807800,0.0,0.0
690,2023-09-25,51684.609375,51852.12109375,51329.6484375,51367.4609375,240424600,0.0,0.0
691,2023-09-26,51410.421875,51422.44921875,51068.8984375,51107.80078125,213724500,0.0,0.0
692,2023-09-27,51180.98046875,51577.19921875,51180.75,51427.26953125,237887300,0.0,0.0
693,2023-09-28,51386.23046875,51743.87109375,51360.23828125,51554.94921875,204512600,0.0,0.0
694,2023-09-29,51575.23828125,51658.01171875,50783.0703125,50874.98046875,226957200,0.0,0.0
695,2023-10-02,51001.7890625,51281.33984375,50488.3515625,51260.37109375,152597800,0.0,0.0
696,2023-10-03,51210.62890625,51305.9296875,50256.859375,50366.390625,242148700,0.0,0.0
697,2023-10-04,50407.9296875,50776.96875,50158.37890625,50732.69140625,234531400,0.0,0.0
698,2023-10-05,50444.75,50444.75,48484.91015625,49454.58984375,273435300,0.0,0.0
699,2023-10-06,49472.94921875,49821.55078125,48775.94921875,49666.5,182618600,0.0,0.0
700,2023-10-09,49658.390625,49658.390625,49020.25,49297.1484375,158324400,0.0,0.0
701,2023-10-10,49301.6484375,50427.12109375,49301.6484375,50289.859375,200850400,0.0,0.0
702,2023-10-11,50293.37109375,50416.71875,50109.01953125,50344.73828125,229695000,0.0,0.0
703,2023-10-12,50156.921875,50161.78125,49503.62890625,49745.16015625,231171900,0.0,0.0
704,2023-10-13,49769.890625,49819.96875,49185.76953125,49379.578125,211550100,0.0,0.0
705,2023-10-16,49402.328125,50004.828125,49377.828125,49823.078125,131151500,0.0,0.0
706,2023-10-17,49733.5390625,49874.23828125,49507.609375,49666.01171875,192510900,0.0,0.0
707,2023-10-18,49543.8984375,49670.6484375,49011.37890625,49274.78125,339281500,0.0,0.0
708,2023-10-19,49257.05078125,49314.9609375,48756.96875,48804.609375,254330700,0.0,0.0
709,2023-10-20,48809.12109375,48886.98828125,48226.48046875,48275.91015625,214755400,0.0,0.0
710,2023-10-23,48290.328125,48367.76171875,47765.05859375,48197.87890625,160983200,0.0,0.0
711,2023-10-24,48304.3984375,48563.0703125,48204.80859375,48278.80078125,158358600,0.0,0.0
712,2023-10-25,48252.46875,48816.55078125,48228.9609375,48766.328125,181752700,0.0,0.0
713,2023-10-26,48735.8203125,49323.5390625,48626.76953125,49182.37109375,195448300,0.0,0.0
714,2023-10-27,49156.5,49609.328125,48887.62109375,48973.8515625,231123500,0.0,0.0
715,2023-10-30,48963.46875,49465.890625,48963.46875,49277.359375,190856700,0.0,0.0
716,2023-10-31,49259.0,49262.1796875,48807.3515625,49061.87890625,302061900,0.0,0.0
717,2023-11-01,49051.921875,49899.421875,48976.859375,49787.83984375,164928200,0.0,0.0
718,2023-11-03,50654.109375,51926.51171875,50249.03125,51266.73046875,235378400,0.0,0.0
719,2023-11-06,51127.3203125,52181.6484375,51127.3203125,51633.62890625,233795300,0.0,0.0
720,2023-11-07,51487.69140625,51710.26171875,50941.05078125,51209.8515625,244230200,0.0,0.0
721,2023-11-08,51279.78125,51531.828125,50874.2109375,51016.30078125,144881600,0.0,0.0
722,2023-11-09,50977.921875,51241.3515625,50812.140625,51071.03125,200702400,0.0,0.0
723,2023-11-10,51013.69140625,51329.46875,50977.23046875,51258.23828125,163797100,0.0,0.0
724,2023-11-13,51216.26953125,51336.5,51046.69921875,51090.91015625,169830400,0.0,0.0
725,2023-11-14,51149.16015625,52571.859375,51149.16015625,52511.37109375,216405300,0.0,0.0
726,2023-11-15,52454.44140625,52916.828125,52454.44140625,52796.46875,243861900,0.0,0.0
727,2023-11-16,52686.94140625,52720.8515625,52310.05859375,52469.359375,184817600,0.0,0.0
728,2023-11-17,52471.73828125,52832.01953125,52452.4609375,52685.1015625,141131300,0.0,0.0
729,2023-11-21,52467.0,52701.12890625,51986.83984375,52504.2890625,184119600,0.0,0.0
730,2023-11-22,52560.12890625,52862.5703125,52526.48046875,52670.01171875,147618900,0.0,0.0
731,2023-11-23,52803.2890625,53108.76171875,52738.19140625,53059.5390625,37636200,0.0,0.0
732,2023-11-24,52967.48046875,53180.4609375,52568.5390625,52938.421875,96360900,0.0,0.0
733,2023-11-27,52919.8203125,52919.8203125,52132.41015625,52220.48828125,199742200,0.0,0.0
734,2023-11-28,52184.12109375,52623.421875,52172.55859375,52359.0,197156600,0.0,0.0
735,2023-11-29,52284.328125,52879.4296875,52253.58984375,52792.80859375,198421400,0.0,0.0
736,2023-11-30,52830.94140625,54165.80859375,52683.37890625,54060.01171875,793435900,0.0,0.0
737,2023-12-01,53955.7890625,54088.83984375,53652.55859375,53901.4296875,183696900,0.0,0.0
738,2023-12-04,53924.37890625,54223.01953125,53764.28125,54053.62890625,227438800,0.0,0.0
739,2023-12-05,54094.3203125,54163.828125,53400.76171875,54120.91015625,250335400,0.0,0.0
740,2023-12-06,54106.4296875,54446.87890625,54017.05859375,54100.37109375,227010400,0.0,0.0
741,2023-12-07,54012.80859375,54509.3984375,53970.44921875,54456.78125,208628600,0.0,0.0
742,2023-12-08,54340.08984375,54574.109375,54042.48046875,54393.01171875,192868500,0.0,0.0
743,2023-12-11,54438.21875,54604.078125,54143.75,54439.12109375,191407600,0.0,0.0
744,2023-12-13,54266.62890625,55250.078125,53933.30078125,55167.859375,258658100,0.0,0.0
745,2023-12-14,55346.46875,57077.51953125,55346.46875,57036.421875,313194800,0.0,0.0
746,2023-12-15,57065.25,57502.12109375,56723.23828125,57130.078125,601094400,0.0,0.0
747,2023-12-18,57074.2109375,57910.55078125,56772.140625,57732.80859375,183221200,0.0,0.0
748,2023-12-19,57737.41015625,58338.3203125,57374.390625,57694.33984375,218941700,0.0,0.0
749,2023-12-20,57689.3515625,57826.890625,56811.44140625,56909.37109375,206219900,0.0,0.0
750,2023-12-21,56998.76953125,57599.91015625,56998.76953125,57487.69921875,109613500,0.0,0.0
751,2023-12-22,57603.171875,57694.8515625,57225.171875,57313.46875,93654100,0.0,0.0
752,2023-12-26,57356.30859375,57974.921875,57335.69921875,57745.7890625,51390900,0.0,0.0
753,2023-12-27,57647.5,57914.05078125,57480.7890625,57554.46875,76005000,0.0,0.0
754,2023-12-28,57577.83984375,57806.421875,57218.578125,57464.421875,56304100,0.0,0.0
755,2023-12-29,57475.390625,57522.94921875,57178.46875,57386.25,66550500,0.0,0.0
756,2024-01-02,57456.80859375,57456.80859375,56593.51171875,56980.44140625,70724900,0.0,0.0
757,2024-01-03,56996.26953125,56996.26953125,55634.01171875,55726.640625,98424800,0.0,0.0
758,2024-01-04,55732.94921875,55893.2890625,55203.98828125,55406.9609375,98384300,0.0,0.0
759,2024-01-05,55420.1015625,56246.21875,55388.71875,56192.78125,117230100,0.0,0.0
760,2024-01-08,56227.9296875,56301.51953125,55908.1796875,56175.671875,129022300,0.0,0.0
761,2024-01-09,56233.1484375,56233.1484375,55073.3515625,55105.578125,179710800,0.0,0.0
762,2024-01-10,55104.83984375,55535.1484375,55029.48046875,55318.671875,199388700,0.0,0.0
763,2024-01-11,55313.9296875,55612.30078125,55155.83984375,55438.75,169535700,0.0,0.0
764,2024-01-12,55463.3203125,55898.44140625,55461.23046875,55607.0703125,168914200,0.0,0.0
765,2024-01-15,55654.390625,55671.98046875,55435.75,55501.109375,17535400,0.0,0.0
766,2024-01-16,55504.0703125,55641.7109375,55073.83984375,55124.578125,222231500,0.0,0.0
767,2024-01-17,55147.94140625,55147.94140625,54367.171875,54711.69140625,265467800,0.0,0.0
768,2024-01-18,54690.578125,54823.0390625,54346.578125,54707.890625,206055900,0.0,0.0
769,2024-01-19,54728.140625,55488.80078125,54499.4296875,55452.1015625,213233300,0.0,0.0
770,2024-01-22,55418.1015625,55434.1484375,54629.19140625,54667.609375,185280700,0.0,0.0
771,2024-01-23,54751.66015625,55578.55078125,54751.66015625,55502.8984375,172481500,0.0,0.0
772,2024-01-24,55564.1015625,55908.1484375,55273.76953125,55419.55078125,241517100,0.0,0.0
773,2024-01-25,55408.3203125,56391.4609375,54968.55859375,56160.0703125,292610000,0.0,0.0
774,2024-01-26,56321.37890625,57164.078125,56178.7109375,56855.87890625,209368000,0.0,0.0
775,2024-01-29,56813.73046875,57229.3203125,56806.23046875,57175.73046875,214253500,0.0,0.0
776,2024-01-30,57151.1796875,57612.01171875,56711.94140625,57537.140625,265265700,0.0,0.0
777,2024-01-31,57449.58984375,57829.01171875,57051.87890625,57372.76171875,232735200,0.0,0.0
778,2024-02-01,57367.28125,58221.171875,57367.28125,57828.078125,178933700,0.0,0.0
779,2024-02-02,58012.87890625,58273.171875,57744.33984375,58226.76953125,166980800,0.0,0.0
780,2024-02-06,58271.75,59015.3984375,57782.69921875,58645.421875,266012200,0.0,0.0
781,2024-02-07,58625.9296875,59020.55078125,58382.76171875,58711.87109375,182573800,0.0,0.0
782,2024-02-08,58856.23046875,58856.23046875,57700.6015625,57762.44140625,251848900,0.0,0.0
783,2024-02-09,57832.4296875,57908.33984375,57287.33984375,57327.5,130498900,0.0,0.0
784,2024-02-12,57339.96875,57802.23828125,57294.71875,57418.55078125,173539100,0.0,0.0
785,2024-02-13,57277.7890625,57382.48046875,56812.640625,56906.98828125,168142700,0.0,0.0
786,2024-02-14,56872.37890625,57318.62109375,56872.37890625,57248.46875,202355300,0.0,0.0
787,2024-02-15,57216.578125,57612.69921875,57160.6015625,57251.890625,212858400,0.0,0.0
788,2024-02-16,57224.2109375,57421.96875,56987.421875,57132.109375,158971900,0.0,0.0
789,2024-02-19,57205.05859375,57567.390625,56804.671875,57490.05078125,34690500,0.0,0.0
790,2024-02-20,57250.19921875,57602.2109375,57119.359375,57227.671875,233605200,0.0,0.0
791,2024-02-21,57257.078125,57269.12890625,56782.80859375,57021.03125,197674400,0.0,0.0
792,2024-02-22,57024.26171875,57407.390625,56773.55078125,57148.73046875,207938900,0.0,0.0
793,2024-02-23,57187.19921875,57205.828125,56432.609375,56659.80078125,216265500,0.0,0.0
794,2024-02-26,56649.421875,56649.421875,56035.75,56194.71875,214213000,0.0,0.0
795,2024-02-27,56192.96875,56399.0703125,55915.87109375,56241.03125,217701900,0.0,0.0
796,2024-02-28,56233.828125,56268.98046875,55085.80078125,55350.609375,208760600,0.0,0.0
797,2024-02-29,55375.19140625,55719.8984375,55111.0,55414.0,506671300,0.0,0.0
798,2024-03-01,55396.30078125,55984.87109375,55184.8515625,55536.3203125,152945900,0.0,0.0
799,2024-03-04,55451.05078125,55852.78125,55411.08984375,55462.48828125,147751600,0.0,0.0
800,2024-03-05,55450.03125,55647.30859375,55104.62109375,55476.25,177401700,0.0,0.0
801,2024-03-06,55464.05078125,55757.23046875,55217.91015625,55284.51171875,163414700,0.0,0.0
802,2024-03-07,55305.7109375,55494.12109375,54978.640625,55049.48828125,168372600,0.0,0.0
803,2024-03-08,55134.62890625,55313.859375,54890.26171875,54935.98828125,134726600,0.0,0.0
804,2024-03-11,54876.609375,55373.859375,54752.41015625,55076.12109375,190194700,0.0,0.0
805,2024-03-12,55145.2890625,55199.6015625,54713.48046875,54898.94921875,203210800,0.0,0.0
806,2024-03-13,54902.30859375,55881.671875,54853.51953125,55848.71875,205029200,0.0,0.0
807,2024-03-14,55838.3203125,56427.4296875,55838.3203125,56059.26171875,226717800,0.0,0.0
808,2024-03-15,56163.26171875,56575.51171875,55855.16015625,56228.3984375,935202200,0.0,0.0
809,2024-03-19,56137.1484375,56137.1484375,55494.1015625,55548.0703125,194973900,0.0,0.0
810,2024-03-20,55543.69921875,56921.9609375,55416.19140625,56618.01171875,172304700,0.0,0.0
811,2024-03-21,56715.25,57015.8203125,56544.05078125,56657.44140625,197838300,0.0,0.0
812,2024-03-22,56676.8203125,56805.66015625,56517.3984375,56610.5390625,170059500,0.0,0.0
813,2024-03-25,56565.109375,56820.30078125,56311.98828125,56552.5390625,89283000,0.0,0.0
814,2024-03-26,56634.8515625,57422.25,56435.26953125,57209.69921875,125010900,0.0,0.0
815,2024-03-27,57182.859375,57599.078125,57007.55078125,57369.01171875,114250800,0.0,0.0
816,2024-04-01,57423.51171875,57726.8203125,57291.94921875,57653.23046875,165028800,0.0,0.0
817,2024-04-02,57593.62109375,57830.87890625,57235.58984375,57581.80859375,180753600,0.0,0.0
818,2024-04-03,57547.19140625,58086.421875,57300.109375,57503.390625,189285300,0.0,0.0
819,2024-04-04,57539.46875,58219.5,57514.1796875,57882.76171875,184739700,0.0,0.0
820,2024-04-05,57805.19140625,58227.83984375,57678.609375,58092.44140625,212252300,0.0,0.0
821,2024-04-08,58021.66015625,58192.3203125,57749.44140625,57989.94140625,154641800,0.0,0.0
822,2024-04-09,58010.37109375,58298.76953125,57492.05859375,57571.1484375,202213300,0.0,0.0
823,2024-04-10,57541.859375,57541.859375,56374.62890625,56636.5390625,210376200,0.0,0.0
824,2024-04-11,56696.3203125,56876.6484375,56485.9609375,56830.3203125,200968500,0.0,0.0
825,2024-04-12,56918.48046875,57272.69921875,56497.87890625,56565.921875,147838800,0.0,0.0
826,2024-04-15,56536.46875,56709.12109375,55924.1015625,55984.0,170645700,0.0,0.0
827,2024-04-16,56009.73046875,56148.0,55626.75,55797.25,225862900,0.0,0.0
828,2024-04-17,55788.73828125,56090.3203125,55383.25,55415.69140625,244258900,0.0,0.0
829,2024-04-18,55597.7890625,55941.62109375,55585.8203125,55739.4296875,208671900,0.0,0.0
830,2024-04-19,55811.19140625,56036.71875,55579.69140625,55862.8515625,138617600,0.0,0.0
831,2024-04-22,55852.28125,56615.87890625,55771.55078125,56551.8984375,183161700,0.0,0.0
832,2024-04-23,56564.578125,56906.80078125,56300.359375,56633.75,204292000,0.0,0.0
833,2024-04-24,56622.16015625,56827.01953125,56188.890625,56463.98828125,254687400,0.0,0.0
834,2024-04-25,56619.08984375,57282.328125,56207.44921875,57071.78125,264895300,0.0,0.0
835,2024-04-26,57072.9609375,58002.171875,56870.171875,57833.8515625,156980900,0.0,0.0
836,2024-04-29,57890.48828125,58110.37109375,57512.6015625,57827.859375,222976800,0.0,0.0
837,2024-04-30,57835.5,57835.5,56670.53125,56727.98046875,307132500,0.0,0.0
838,2024-05-02,56766.3984375,57021.78125,56607.30078125,56677.05078125,249952200,0.0,0.0
839,2024-05-03,56706.23046875,57258.41015625,56668.73828125,57135.26171875,175056100,0.0,0.0
840,2024-05-06,57204.53125,57559.08984375,57127.03125,57282.94921875,174095400,0.0,0.0
841,2024-05-07,57376.0703125,57445.98828125,56844.03125,57108.3203125,297798000,0.0,0.0
842,2024-05-08,57055.51953125,57249.76953125,56661.76171875,57081.0,263546300,0.0,0.0
843,2024-05-09,57118.140625,58063.078125,57001.53125,57846.078125,188272300,0.0,0.0
844,2024-05-10,57836.58984375,58090.25,57627.9609375,57718.0390625,215416700,0.0,0.0
845,2024-05-13,57735.01171875,58169.69140625,57664.12890625,57731.12109375,121761200,0.0,0.0
846,2024-05-14,57890.03125,57896.1796875,57127.4609375,57231.73828125,225449200,0.0,0.0
847,2024-05-15,57284.921875,58135.03125,57283.05859375,57454.6484375,174206100,0.0,0.0
848,2024-05-16,57388.2109375,57721.48046875,57232.30859375,57462.171875,188203100,0.0,0.0
849,2024-05-17,57506.48828125,57847.37890625,57385.25,57583.078125,109270500,0.0,0.0
850,2024-05-20,57604.25,57725.8203125,57270.53125,57393.28125,137307600,0.0,0.0
851,2024-05-21,57286.58984375,57286.58984375,56638.1484375,56760.71875,175206900,0.0,0.0
852,2024-05-22,56653.08984375,56656.62890625,56148.62890625,56432.03125,156403600,0.0,0.0
853,2024-05-23,56342.19921875,56407.03125,55857.91015625,55918.37890625,154664100,0.0,0.0
854,2024-05-24,55860.94921875,55908.6484375,55368.2109375,55413.12109375,148845700,0.0,0.0
855,2024-05-27,55428.23828125,55551.23828125,55120.48046875,55452.87890625,30726500,0.0,0.0
856,2024-05-28,55452.80078125,55526.26171875,55078.44140625,55184.94921875,153188600,0.0,0.0
857,2024-05-29,55120.55859375,55458.4296875,54352.1484375,55212.640625,247658800,0.0,0.0
858,2024-05-30,55169.8984375,55683.5703125,54768.3984375,55352.55859375,232591600,0.0,0.0
859,2024-05-31,55253.5,55588.19921875,54839.26171875,55179.23828125,755398300,0.0,0.0
860,2024-06-03,54967.91015625,55197.109375,51358.96875,51807.55078125,299888100,0.0,0.0
861,2024-06-04,51894.3203125,53683.23046875,51894.3203125,53485.62109375,339298300,0.0,0.0
862,2024-06-05,53467.37109375,54536.16015625,53306.80078125,54410.51171875,298596000,0.0,0.0
863,2024-06-06,54427.75,55730.30859375,54038.609375,54477.25,300812400,0.0,0.0
864,2024-06-07,54477.62109375,54788.3203125,52887.25,52977.3203125,281301700,0.0,0.0
865,2024-06-10,52989.19921875,53652.3203125,52989.19921875,53122.578125,209603900,0.0,0.0
866,2024-06-11,53184.5390625,53567.23828125,52624.87109375,53134.05859375,241229900,0.0,0.0
867,2024-06-12,53220.08984375,53767.390625,52928.94140625,52975.890625,257816700,0.0,0.0
868,2024-06-13,52978.19140625,53072.2109375,52209.609375,52275.6484375,212337200,0.0,0.0
869,2024-06-14,52218.9296875,52482.80859375,51872.12890625,52222.94140625,268209500,0.0,0.0
870,2024-06-17,52247.328125,52438.78125,52000.76953125,52397.19921875,170039700,0.0,0.0
871,2024-06-18,52341.3203125,53547.48828125,52271.75,53191.25,183424000,0.0,0.0
872,2024-06-19,53220.37890625,53389.80078125,53190.55859375,53323.37109375,32765100,0.0,0.0
873,2024-06-20,53202.6484375,53414.1484375,52819.5390625,53333.03125,204979100,0.0,0.0
874,2024-06-21,53370.23046875,53405.109375,52698.6796875,52788.5,1105858400,0.0,0.0
875,2024-06-24,52741.5390625,53136.73046875,52388.421875,52512.91015625,218204500,0.0,0.0
876,2024-06-25,52472.3203125,52690.1015625,51847.7109375,52604.05078125,273486500,0.0,0.0
877,2024-06-26,52630.44921875,52779.66015625,51993.921875,52468.01171875,298607100,0.0,0.0
878,2024-06-27,52284.12109375,52470.76953125,52082.76171875,52310.9609375,273035000,0.0,0.0
879,2024-06-28,52455.9296875,52780.3203125,51980.71875,52440.01953125,243725000,0.0,0.0
880,2024-07-01,52452.44140625,53159.30078125,52452.44140625,52883.96875,197511800,0.0,0.0
881,2024-07-02,52842.66015625,53126.96875,51802.5,51947.890625,264359400,0.0,0.0
882,2024-07-03,52057.26171875,53054.171875,52036.01953125,52796.26171875,139483800,0.0,0.0
883,2024-07-04,52817.55859375,52974.23828125,52572.78125,52654.8515625,20477300,0.0,0.0
884,2024-07-05,52703.12109375,52770.46875,52216.8984375,52333.16015625,167390100,0.0,0.0
885,2024-07-08,52227.48046875,53020.03125,52214.51171875,52907.69140625,217413400,0.0,0.0
886,2024-07-09,52886.0703125,53405.5703125,52838.62890625,53331.80859375,204901100,0.0,0.0
887,2024-07-10,53409.8203125,54342.26953125,53349.3515625,54279.87890625,248590500,0.0,0.0
888,2024-07-11,54328.37890625,54629.55078125,54281.1015625,54422.58984375,176982900,0.0,0.0
889,2024-07-12,54398.609375,55078.1484375,54205.109375,54953.109375,206531300,0.0,0.0
890,2024-07-15,54894.921875,55120.421875,54243.08984375,54311.98828125,177278000,0.0,0.0
891,2024-07-16,54337.21875,54594.69140625,54068.80859375,54378.19140625,208004700,0.0,0.0
892,2024-07-17,54346.140625,54448.48046875,53507.421875,53744.78125,237669200,0.0,0.0
893,2024-07-18,53803.6015625,54045.73046875,52919.1796875,53043.0,233238400,0.0,0.0
894,2024-07-19,53048.37890625,53793.1015625,52889.87890625,53678.51953125,131925200,0.0,0.0
895,2024-07-22,53656.171875,54161.078125,53575.12890625,54006.921875,280362400,0.0,0.0
896,2024-07-23,53726.80859375,54063.01171875,53539.33984375,53707.73828125,267716500,0.0,0.0
897,2024-07-24,53651.359375,53941.5390625,53051.26171875,53168.41015625,227583200,0.0,0.0
898,2024-07-25,53085.109375,53300.48046875,52692.76171875,52931.87109375,336606200,0.0,0.0
899,2024-07-26,52959.76171875,53157.33984375,52559.26171875,52819.578125,301551800,0.0,0.0
900,2024-07-29,52837.30078125,53235.5703125,52438.44921875,52515.78125,302616800,0.0,0.0
901,2024-07-30,52574.9609375,52973.390625,52228.12109375,52325.421875,292415800,0.0,0.0
902,2024-07-31,52279.6484375,53313.55859375,52279.6484375,53136.83984375,64213700,0.0,0.0
903,2024-08-01,53138.53125,53138.53125,52302.7109375,52417.48046875,315067500,0.0,0.0
904,2024-08-02,52379.62109375,52379.62109375,51734.41015625,52242.37890625,230931200,0.0,0.0
905,2024-08-05,52047.16015625,52124.55078125,51259.73046875,51776.48046875,167685900,0.0,0.0
906,2024-08-06,51890.4296875,52494.19921875,51834.23046875,52399.62890625,209484300,0.0,0.0
907,2024-08-07,52419.12109375,52935.55078125,52415.46875,52680.8984375,221599200,0.0,0.0
908,2024-08-08,52748.46875,53116.73046875,52615.140625,52876.55078125,182699900,0.0,0.0
909,2024-08-09,52872.7109375,53118.01171875,52771.58984375,53051.5390625,145598100,0.0,0.0
910,2024-08-12,53085.62890625,53165.08984375,52626.94140625,53040.3515625,156078100,0.0,0.0
911,2024-08-13,53185.16015625,53730.80078125,53185.16015625,53674.19921875,174800800,0.0,0.0
912,2024-08-14,53659.640625,53787.78125,53399.19140625,53718.94921875,208928500,0.0,0.0
913,2024-08-15,53678.80078125,54311.7109375,53678.80078125,54264.921875,186810600,0.0,0.0
914,2024-08-16,54262.26953125,54343.28125,54005.98046875,54083.78125,163832600,0.0,0.0
915,2024-08-19,54026.9296875,54293.12109375,54026.9296875,54104.6796875,132430500,0.0,0.0
916,2024-08-20,54130.421875,54302.26953125,53820.87109375,53991.05859375,178585400,0.0,0.0
917,2024-08-21,53979.30859375,54144.859375,53620.9609375,53864.73046875,221702300,0.0,0.0
918,2024-08-22,53811.87109375,54136.9296875,53273.12109375,53316.19921875,303743700,0.0,0.0
919,2024-08-23,53368.1796875,53807.37109375,53341.53125,53490.921875,245775900,0.0,0.0
920,2024-08-26,53436.98046875,53733.69140625,53107.859375,53171.30859375,211433800,0.0,0.0
921,2024-08-27,53122.578125,53403.01171875,52457.73046875,52474.30859375,200486300,0.0,0.0
922,2024-08-28,52500.0703125,52972.609375,52388.48046875,52439.87109375,239110300,0.0,0.0
923,2024-08-29,52511.05078125,53302.30859375,52476.8515625,53138.9609375,216583800,0.0,0.0
924,2024-08-30,52945.71875,53102.08984375,52744.51953125,52913.5,464816500,0.0,0.0
925,2024-09-02,52133.890625,52737.12109375,52091.58984375,52493.37890625,31027700,0.0,0.0
926,2024-09-03,52421.69921875,52462.73828125,51507.48046875,51589.421875,200061900,0.0,0.0
927,2024-09-04,51571.671875,52232.51171875,51466.16015625,51811.37109375,178945500,0.0,0.0
928,2024-09-05,51791.8203125,52149.44140625,51597.6484375,51661.48046875,194167800,0.0,0.0
929,2024-09-06,51727.4609375,51924.51953125,50912.96875,51083.44140625,147262100,0.0,0.0
930,2024-09-09,51044.55859375,51578.671875,51020.328125,51136.05078125,153374100,0.0,0.0
931,2024-09-10,51099.69921875,51283.87109375,50790.23828125,50973.109375,241346500,0.0,0.0
932,2024-09-11,50990.3203125,51318.328125,50782.109375,51195.76171875,238237900,0.0,0.0
933,2024-09-12,51158.2109375,52137.37890625,51158.2109375,51999.73046875,229945500,0.0,0.0
934,2024-09-13,52005.6484375,52431.6484375,51877.41015625,52016.8515625,141368600,0.0,0.0
935,2024-09-17,51978.62890625,52796.48828125,51978.62890625,52273.53125,203046700,0.0,0.0
936,2024-09-18,52350.3984375,52783.80859375,52193.8515625,52582.890625,144912400,0.0,0.0
937,2024-09-19,52735.25,53114.01171875,52636.69921875,52918.0390625,204810500,0.0,0.0
938,2024-09-20,52913.12109375,52913.12109375,52082.44921875,52190.48046875,899081100,0.0,0.0
939,2024-09-23,52231.9296875,52547.37890625,51895.921875,52422.23828125,202239000,0.0,0.0
940,2024-09-24,52529.94140625,53711.578125,52529.94140625,53653.94921875,279229500,0.0,0.0
941,2024-09-25,53496.73828125,53597.828125,53100.25,53190.9296875,221523300,0.0,0.0
942,2024-09-26,53052.69140625,54201.4609375,53052.69140625,53590.51953125,241227200,0.0,0.0
943,2024-09-27,53540.23046875,53846.37109375,52722.21875,52778.171875,234650300,0.0,0.0
944,2024-09-30,52854.8203125,52865.078125,52368.51171875,52477.30078125,246167800,0.0,0.0
945,2024-10-02,52324.6484375,52771.19921875,51654.609375,52199.66015625,312648600,0.0,0.0
946,2024-10-03,52183.98828125,52183.98828125,51507.51953125,51674.5390625,261782100,0.0,0.0
947,2024-10-04,51763.5390625,52984.359375,51731.62109375,52609.87109375,208825900,0.0,0.0
948,2024-10-07,52587.76953125,53067.01953125,51943.0,52039.87109375,178648000,0.0,0.0
949,2024-10-08,52085.0703125,52095.76171875,51567.9609375,51764.640625,242914100,0.0,0.0
950,2024-10-09,51799.48828125,52409.5703125,51699.26953125,51869.140625,198227500,0.0,0.0
951,2024-10-10,51875.62890625,52475.6015625,51741.7109375,52391.2890625,230013700,0.0,0.0
952,2024-10-11,52485.19140625,52529.26171875,52213.62109375,52395.66015625,154454300,0.0,0.0
953,2024-10-14,52375.5390625,52377.01171875,51864.78125,52000.58984375,199140900,0.0,0.0
954,2024-10-15,52010.75,52410.30859375,51922.1484375,52377.78125,251831300,0.0,0.0
955,2024-10-16,52281.28125,52601.44921875,52212.01953125,52483.62109375,249953300,0.0,0.0
956,2024-10-17,52392.21875,52680.078125,52287.58984375,52463.66015625,153665700,0.0,0.0
957,2024-10-18,52510.921875,53076.69140625,52354.140625,53027.421875,178429600,0.0,0.0
958,2024-10-21,53054.25,53141.5390625,52538.98828125,52814.8203125,144294000,0.0,0.0
959,2024-10-22,52753.3203125,52753.3203125,51877.3984375,52368.69140625,248595200,0.0,0.0
960,2024-10-23,52183.12109375,52506.6796875,51878.5703125,52142.12890625,206239900,0.0,0.0
961,2024-10-24,52175.859375,52421.6484375,51543.171875,51795.55859375,221584000,0.0,0.0
962,2024-10-25,51822.28125,52221.66015625,51743.2890625,51784.328125,201308500,0.0,0.0
963,2024-10-28,51744.7890625,51890.21875,51457.53125,51816.30078125,206401300,0.0,0.0
964,2024-10-29,51760.37109375,51911.30859375,51127.87890625,51166.2890625,210440700,0.0,0.0
965,2024-10-30,51172.12890625,51227.75,50803.5390625,50877.23828125,207690000,0.0,0.0
